location,bedroom number,bathroom number,size,rent price
"Block C, Bashundhara R-A",3,3,2000 sqft,"৳100,000"
"Block C, Khilgaon",3,3,1300 sqft,"৳24,000"
"Central Road, Dhanmondi",1,2,600 sqft,"৳20,000"
"Gulshan 2, Gulshan",4,5,3700 sqft,"৳200,000"
"PC Culture Housing, Mohammadpur",3,3,1300 sqft,"৳20,000"
"Gulshan 2, Gulshan",4,5,4233 sqft,"৳200,000"
"Humayun Road, Mohammadpur",5,6,2300 sqft,"৳65,000"
"Sector 11, Uttara",3,4,1500 sqft,"৳60,000"
"Mohammadia Housing Society, Mohammadpur",3,3,1315 sqft,"৳28,000"
"Block I, Bashundhara R-A",5,5,4200 sqft,"৳180,000"
"Sector 12, Uttara",3,2,1700 sqft,"৳65,000"
"Road No 11, Dhanmondi",3,3,2000 sqft,"৳60,000"
"Block I, Bashundhara R-A",4,4,2400 sqft,"৳50,000"
"Khilji Road, Mohammadpur",2,3,1300 sqft,"৳40,000"
"Sector 12, Uttara",2,2,950 sqft,"৳40,000"
"Road No 2A, Dhanmondi",3,3,1900 sqft,"৳60,000"
"Kalachandpur Main Road, Nadda",4,4,2400 sqft,"৳75,000"
"Mirpur Road, New Market",3,3,1650 sqft,"৳40,000"
"Block I, Bashundhara R-A",3,4,1880 sqft,"৳35,000"
"Sector 12, Uttara",3,4,2170 sqft,"৳50,000"
"Nobodoy Housing Society, Mohammadpur",3,3,1250 sqft,"৳22,500"
"PC Culture Housing, Mohammadpur",3,3,1300 sqft,"৳20,000"
"Sector 10, Uttara",3,4,1900 sqft,"৳40,000"
"Sector 11, Uttara",2,2,1090 sqft,"৳23,000"
"Block B, Bashundhara R-A",3,3,1650 sqft,"৳38,000"
"Block A, Bashundhara R-A",3,4,1650 sqft,"৳35,000"
"Narinda, Sutrapur",3,3,1450 sqft,"৳30,000"
"Iqbal Road, Mohammadpur",4,4,2150 sqft,"৳60,000"
"Mohammadi Housing LTD., Mohammadpur",3,2,1400 sqft,"৳22,000"
"PC Culture Housing, Mohammadpur",3,3,1200 sqft,"৳20,000"
"East Rampura, Rampura",3,3,1200 sqft,"৳25,000"
"Old Eskaton, Eskaton",3,4,1950 sqft,"৳45,000"
"Sector 10, Uttara",3,3,1500 sqft,"৳22,000"
"Block K, Baridhara",4,4,3000 sqft,"৳140,000"
"Block K, Baridhara",4,4,4000 sqft,"৳420,000"
"Block K, Baridhara",3,3,2600 sqft,"৳150,000"
"Block C, Aftab Nagar",3,3,1200 sqft,"৳25,000"
"Block C, Aftab Nagar",3,3,1200 sqft,"৳25,000"
"Block K, Baridhara",4,4,3600 sqft,"৳300,000"
"Lake Circus Road, Kalabagan",3,3,1500 sqft,"৳30,000"
"Bizlymoholla Road, Mohammadpur",3,2,1390 sqft,"৳25,000"
"Road No 2, Baridhara DOHS",3,2,1300 sqft,"৳40,000"
"Block E, Banasree",4,4,1700 sqft,"৳35,000"
"Middle Badda, Badda",3,2,1000 sqft,"৳21,000"
"Gulshan 2, Gulshan",5,5,3500 sqft,"৳300,000"
"Block E, Bashundhara R-A",3,3,1500 sqft,"৳27,000"
"Block L, Bashundhara R-A",3,3,1150 sqft,"৳25,000"
"West Kafrul, Taltola",3,4,1550 sqft,"৳30,000"
"Shahjadpur, Badda",3,3,1400 sqft,"৳28,000"
"Ashkona, Dakshin Khan",3,2,1100 sqft,"৳20,000"
"Block B, Aftab Nagar",3,3,1250 sqft,"৳25,000"
"Baitul Aman Housing Society, Adabor",3,4,1600 sqft,"৳23,000"
"Sector 6, Uttara",3,3,1800 sqft,"৳50,000"
"Nikunja 1, Nikunja",4,7,7000 sqft,"৳350,000"
"Block E, Bashundhara R-A",3,3,1510 sqft,"৳37,000"
"Block E, Bashundhara R-A",3,3,1480 sqft,"৳37,000"
"Block D, Bashundhara R-A",3,3,1250 sqft,"৳32,000"
"Gulshan 1, Gulshan",3,3,2750 sqft,"৳110,000"
"Block G, Bashundhara R-A",3,3,1650 sqft,"৳30,000"
"Gulshan 2, Gulshan",4,4,2750 sqft,"৳200,000"
"Gulshan 2, Gulshan",4,4,2750 sqft,"৳200,000"
"Block D, Bashundhara R-A",4,4,2800 sqft,"৳50,000"
"Sector 6, Uttara",3,4,2000 sqft,"৳43,000"
"Gulshan 2, Gulshan",3,3,2800 sqft,"৳250,000"
"Gulshan 2, Gulshan",4,5,5000 sqft,"৳380,000"
"Block K, Baridhara",3,3,2882 sqft,"৳200,000"
"Gulshan 2, Gulshan",3,3,1600 sqft,"৳90,000"
"Block K, Baridhara",4,5,3800 sqft,"৳260,000"
"Block E, Bashundhara R-A",3,3,1600 sqft,"৳30,000"
"Tejkunipara, Tejgaon",3,3,1690 sqft,"৳53,000"
"Block H, Bashundhara R-A",3,3,1560 sqft,"৳23,000"
"Sector 14, Uttara",3,3,1600 sqft,"৳35,000"
"Block E, Aftab Nagar",3,3,1450 sqft,"৳25,000"
"Block F, Aftab Nagar",3,3,1400 sqft,"৳30,000"
"Block F, Aftab Nagar",3,3,1400 sqft,"৳30,000"
"Sector 10, Uttara",3,3,1750 sqft,"৳60,000"
"Block L, Bashundhara R-A",3,3,1150 sqft,"৳25,000"
"Uttar Badda, Badda",3,3,1100 sqft,"৳25,000"
"Block C, Aftab Nagar",4,4,2340 sqft,"৳50,000"
"Nikunja 2, Nikunja",2,2,750 sqft,"৳21,000"
"Gopibag, Motijheel",3,3,1200 sqft,"৳30,000"
"Middle Badda, Badda",3,3,1300 sqft,"৳25,000"
"Block G, Banasree",3,2,1100 sqft,"৳22,000"
"PC Culture Housing, Mohammadpur",3,2,1100 sqft,"৳22,000"
"Sector 10, Uttara",3,3,1750 sqft,"৳60,000"
"Sector 10, Uttara",3,3,1750 sqft,"৳60,000"
"Block G, Bashundhara R-A",3,3,1600 sqft,"৳25,000"
"Vatara, Badda",3,2,1200 sqft,"৳21,000"
"Block G, Banasree",4,3,1650 sqft,"৳35,000"
"Vatara, Badda",3,2,1200 sqft,"৳21,000"
"Block B, Bashundhara R-A",3,4,2200 sqft,"৳40,000"
"Block A, Bashundhara R-A",3,4,2000 sqft,"৳40,000"
"Block A, Bashundhara R-A",3,4,2000 sqft,"৳40,000"
"Block A, Bashundhara R-A",3,4,2000 sqft,"৳40,000"
"Block A, Bashundhara R-A",3,4,2000 sqft,"৳40,000"
"Gulshan 2, Gulshan",4,5,3900 sqft,"৳320,000"
"Gulshan 2, Gulshan",4,5,3900 sqft,"৳320,000"
"Vatara, Badda",3,2,1200 sqft,"৳21,000"
"Block D, Bashundhara R-A",3,4,2270 sqft,"৳45,000"
"West Agargaon, Agargaon",3,3,1350 sqft,"৳22,000"
"Block F, Banasree",3,3,1450 sqft,"৳30,000"
"Boro Maghbazar, Maghbazar",3,3,1350 sqft,"৳25,000"
"Block D, Bashundhara R-A",4,4,2250 sqft,"৳45,000"
"Gulshan 1, Gulshan",4,4,3100 sqft,"৳100,000"
"Sector 11, Uttara",3,4,1800 sqft,"৳40,000"
"Naya Paltan, Motijheel",3,3,1325 sqft,"৳32,000"
"Shantibag, Malibagh",3,3,1000 sqft,"৳22,000"
"Block L, Bashundhara R-A",3,3,1150 sqft,"৳25,000"
"Block I, Bashundhara R-A",4,5,2500 sqft,"৳45,000"
"Lake Circus(Abed Dhali Road), Kalabagan",3,3,1100 sqft,"৳35,000"
"Tajmahal Road, Mohammadpur",3,2,900 sqft,"৳21,000"
"Purana Paltan, Motijheel",2,2,1050 sqft,"৳28,000"
"Shahjadpur, Badda",3,3,1300 sqft,"৳30,000"
"Sector 5, Uttara",3,3,1400 sqft,"৳26,000"
"Sector 5, Uttara",3,3,1400 sqft,"৳26,000"
"Sector 11, Uttara",2,2,900 sqft,"৳22,000"
"Shahjadpur, Badda",3,3,1350 sqft,"৳22,000"
"Vatara, Badda",3,2,1200 sqft,"৳21,000"
"Gulshan 2, Gulshan",3,3,2100 sqft,"৳70,000"
"Tajmahal Road, Mohammadpur",3,2,900 sqft,"৳21,000"
"Block H, Banasree",3,3,1100 sqft,"৳20,000"
"Sector 5, Uttara",3,3,1400 sqft,"৳26,000"
"Block F, Banasree",3,3,1220 sqft,"৳20,000"
"Kallyanpur, Mirpur",3,3,1250 sqft,"৳23,000"
"Block C, Aftab Nagar",3,3,1200 sqft,"৳22,000"
"Middle Badda, Badda",3,3,1340 sqft,"৳30,000"
"Middle Badda, Badda",3,3,1340 sqft,"৳30,000"
"Taltola, Khilgaon",3,3,1600 sqft,"৳26,000"
"Sector 14, Uttara",3,4,1800 sqft,"৳36,000"
"Road No 4, Shyamoli",3,3,1300 sqft,"৳27,000"
"Block I, Bashundhara R-A",3,4,2400 sqft,"৳42,000"
"Paikpara, Mirpur",3,3,1350 sqft,"৳22,000"
"Block K, Baridhara",3,3,2300 sqft,"৳120,000"
"Block J, Banasree",4,4,1500 sqft,"৳30,000"
"Sector 9, Uttara",2,2,850 sqft,"৳24,000"
"Adarsh Nagar Road, Badda",3,3,1100 sqft,"৳22,000"
"Middle Badda, Badda",3,2,1100 sqft,"৳20,000"
"Uttar Badda, Badda",3,2,1050 sqft,"৳25,000"
"Baitul Aman Housing Society, Adabor",3,3,1250 sqft,"৳23,000"
"Block C, Aftab Nagar",3,3,1075 sqft,"৳20,000"
"Dhaka Housing Main Road, Shyamoli",3,3,1300 sqft,"৳22,000"
"Dhaka Housing Main Road, Shyamoli",3,3,1300 sqft,"৳22,000"
"Middle Badda, Badda",3,3,1350 sqft,"৳28,000"
"South Badda, Badda",3,3,1200 sqft,"৳32,000"
Agargaon,3,3,1250 sqft,"৳30,000"
"West Rampura, Rampura",3,3,1250 sqft,"৳30,000"
"PC Culture Housing, Mohammadpur",3,3,1350 sqft,"৳27,000"
"Sector 12, Uttara",3,3,1650 sqft,"৳55,000"
"Uttar Badda, Badda",3,3,1250 sqft,"৳26,000"
"PC Culture Housing, Mohammadpur",3,3,1250 sqft,"৳25,000"
"Sector 12, Uttara",3,4,1500 sqft,"৳30,000"
"Sector 12, Uttara",3,3,1500 sqft,"৳25,000"
"Block F, Aftab Nagar",3,3,1350 sqft,"৳22,000"
"Block F, Aftab Nagar",3,3,1350 sqft,"৳22,000"
"Uttar Badda, Badda",3,3,1000 sqft,"৳21,000"
"Gulshan 2, Gulshan",4,4,3400 sqft,"৳140,000"
"Nurer Chala, Badda",3,3,1200 sqft,"৳22,000"
"Malibag Bazar Rd, Malibagh",3,3,1550 sqft,"৳35,000"
"Block F, Banasree",3,3,1700 sqft,"৳30,000"
"Block D, Aftab Nagar",3,3,1600 sqft,"৳25,000"
"Kallyanpur, Mirpur",3,3,1510 sqft,"৳28,000"
"Nikunja 2, Nikunja",2,2,720 sqft,"৳20,000"
"Block D, Banasree",3,3,1500 sqft,"৳30,000"
"Block B, Banasree",3,3,1100 sqft,"৳25,000"
"Shantibag, Malibagh",3,3,1300 sqft,"৳35,000"
"Block M, Banasree",4,4,1860 sqft,"৳35,000"
"Middle Badda, Badda",3,3,1000 sqft,"৳40,000"
"West Rampura, Rampura",2,2,900 sqft,"৳25,000"
"Sector 4, Uttara",3,4,2300 sqft,"৳60,000"
"Block I, Bashundhara R-A",3,4,1700 sqft,"৳37,000"
"Block I, Bashundhara R-A",3,4,1700 sqft,"৳42,000"
"Block C, Bashundhara R-A",4,4,3500 sqft,"৳110,000"
"Amtola, Khilkhet",3,3,1150 sqft,"৳23,000"
"Greenway Road, Maghbazar",3,3,1456 sqft,"৳35,000"
"Gulshan 1, Gulshan",3,3,2500 sqft,"৳90,000"
"Block B, Banasree",3,2,1050 sqft,"৳20,000"
"West Rampura, Rampura",2,2,1000 sqft,"৳23,000"
"Sector 11, Uttara",4,4,2500 sqft,"৳60,000"
"Block F, Bashundhara R-A",3,3,1550 sqft,"৳40,000"
"Tejkunipara, Tejgaon",3,4,1580 sqft,"৳42,000"
"Gulshan 2, Gulshan",4,4,6800 sqft,"৳650,000"
"Sector 14, Uttara",3,2,1100 sqft,"৳26,000"
"Outer Circular Road, Maghbazar",3,4,1650 sqft,"৳40,000"
"Gulshan 1, Gulshan",3,3,2124 sqft,"৳110,000"
"Sector 4, Uttara",3,3,1700 sqft,"৳80,000"
"Block E, Banasree",3,3,1800 sqft,"৳35,000"
"Uttar Badda, Badda",3,2,1250 sqft,"৳22,000"
"Uttar Badda, Badda",3,2,1250 sqft,"৳22,000"
"East Rampura, Rampura",3,2,1200 sqft,"৳20,000"
"Uttar Badda, Badda",3,2,1250 sqft,"৳22,000"
"Block J, Banasree",3,3,1400 sqft,"৳28,000"
"Block K, Baridhara",3,4,4000 sqft,"৳320,000"
"Block E, Banasree",3,3,1250 sqft,"৳24,000"
"Block F, Banasree",3,3,1500 sqft,"৳30,000"
"Block A, Banasree",3,4,1764 sqft,"৳40,000"
"Sector 4, Uttara",3,4,2200 sqft,"৳60,000"
"Sector 12, Uttara",2,3,2300 sqft,"৳55,000"
"Nikunja 2, Nikunja",2,2,750 sqft,"৳21,000"
"Block L, Bashundhara R-A",3,3,1500 sqft,"৳25,000"
"Block L, Bashundhara R-A",3,3,1500 sqft,"৳25,000"
"Khilbari Tek, Badda",3,3,1200 sqft,"৳20,000"
"Khilbari Tek, Badda",3,3,1100 sqft,"৳20,000"
"Block D, Bashundhara R-A",3,3,2000 sqft,"৳45,000"
"Block D, Bashundhara R-A",3,3,2000 sqft,"৳45,000"
"Sector 11, Uttara",5,5,3300 sqft,"৳100,000"
"Block D, Bashundhara R-A",3,3,2000 sqft,"৳45,000"
"Sector 12, Uttara",3,4,2350 sqft,"৳60,000"
"Holy Lane, Shyamoli",3,3,1400 sqft,"৳23,000"
"Shahjadpur, Badda",4,3,1600 sqft,"৳30,000"
"Block K, Baridhara",3,4,2300 sqft,"৳130,000"
"Gulshan 1, Gulshan",3,3,2430 sqft,"৳130,000"
"Sector 9, Uttara",3,2,950 sqft,"৳55,000"
"Gulshan 1, Gulshan",4,4,4350 sqft,"৳350,000"
"Block K, Baridhara",3,3,2300 sqft,"৳130,000"
"Block K, Baridhara",4,4,3000 sqft,"৳190,000"
"Block K, Baridhara",4,4,4000 sqft,"৳380,000"
"Gulshan 2, Gulshan",4,5,5400 sqft,"৳420,000"
"Gulshan 2, Gulshan",4,5,5400 sqft,"৳420,000"
"Gulshan 2, Gulshan",4,4,3500 sqft,"৳260,000"
"Sector 12, Uttara",3,4,2373 sqft,"৳75,000"
"Road No 10, Baridhara",4,4,3000 sqft,"৳140,000"
"Block K, Baridhara",3,3,1700 sqft,"৳95,000"
"Block K, Baridhara",3,3,1700 sqft,"৳80,000"
"Block K, Baridhara",3,3,1700 sqft,"৳90,000"
"Block K, Baridhara",4,4,4000 sqft,"৳400,000"
"Block H, Bashundhara R-A",3,3,1550 sqft,"৳30,000"
"Block H, Bashundhara R-A",4,4,2500 sqft,"৳45,000"
"West Rampura, Rampura",5,5,2300 sqft,"৳40,000"
"Road No 13, Mohakhali DOHS",4,4,2600 sqft,"৳110,000"
"Gulshan 2, Gulshan",4,4,2900 sqft,"৳190,000"
"Iqbal Road, Mohammadpur",3,4,2088 sqft,"৳70,000"
"PC Culture Housing, Mohammadpur",2,2,850 sqft,"৳20,000"
"Sector 10, Uttara",3,3,1400 sqft,"৳25,000"
"Gulshan 2, Gulshan",4,4,4000 sqft,"৳400,000"
"Road No 2, Baridhara DOHS",3,3,1500 sqft,"৳45,000"
"1st Colony, Mirpur",3,3,1500 sqft,"৳30,000"
"Sector 7, Uttara",3,4,1800 sqft,"৳65,000"
"Gulshan 2, Gulshan",3,4,2400 sqft,"৳150,000"
"PC Culture Housing, Mohammadpur",3,3,1600 sqft,"৳40,000"
"Naya Paltan, Motijheel",3,4,1700 sqft,"৳55,000"
"Block F, Bashundhara R-A",4,4,2300 sqft,"৳50,000"
"Gulshan 1, Gulshan",3,3,2500 sqft,"৳150,000"
"Sector 12, Uttara",3,4,2200 sqft,"৳55,000"
"Block K, Baridhara",4,5,5000 sqft,"৳800,000"
"Block K, Baridhara",4,5,5000 sqft,"৳1,000,000"
"Block E, Bashundhara R-A",3,3,1510 sqft,"৳37,000"
"Block E, Bashundhara R-A",3,3,1510 sqft,"৳37,000"
"Block D, Bashundhara R-A",4,4,2300 sqft,"৳50,000"
"Mohammadi Housing LTD., Mohammadpur",3,3,1200 sqft,"৳26,000"
"Block K, Baridhara",4,4,3000 sqft,"৳190,000"
"Block L, Bashundhara R-A",3,4,1850 sqft,"৳23,000"
"Block K, Baridhara",4,4,3500 sqft,"৳220,000"
"Bishyo Shahityo Kendro Lane, Paribagh",5,5,4000 sqft,"৳110,000"
"Sector 6, Uttara",4,4,2900 sqft,"৳80,000"
"Block K, Bashundhara R-A",3,3,1450 sqft,"৳28,000"
"West Dhanmondi, Dhanmondi",3,4,1300 sqft,"৳35,000"
"PC Culture Housing, Mohammadpur",3,3,1500 sqft,"৳26,000"
"Tajmahal Road, Mohammadpur",3,3,1300 sqft,"৳40,000"
"Block D, Bashundhara R-A",3,3,2200 sqft,"৳100,000"
"Shekhertek, Mohammadpur",3,3,1410 sqft,"৳22,000"
"Malibagh First Lane, Malibagh",3,3,1450 sqft,"৳35,000"
"Malibagh Chowdhury Para, Malibagh",3,2,1150 sqft,"৳26,000"
"Sector 6, Uttara",3,4,2000 sqft,"৳50,000"
"Shahjahan Sir Road, Hazaribag",4,3,1876 sqft,"৳22,000"
"Block K, Baridhara",3,4,4000 sqft,"৳360,000"
"Road No 2, Shyamoli",3,3,1415 sqft,"৳30,000"
"Gulshan 1, Gulshan",3,3,2000 sqft,"৳100,000"
"Green Road, Kalabagan",3,2,1400 sqft,"৳30,000"
"Block I, Bashundhara R-A",3,3,2000 sqft,"৳35,000"
"Gulshan 2, Gulshan",3,4,2600 sqft,"৳100,000"
"Gulshan 1, Gulshan",3,3,1800 sqft,"৳80,000"
"Block J, Baridhara",3,4,2000 sqft,"৳45,000"
"Sector 13, Uttara",3,3,1400 sqft,"৳45,000"
"Mohammadia Housing Society, Mohammadpur",3,3,1370 sqft,"৳30,000"
"Baitul Aman Housing, Mohammadpur",3,3,1300 sqft,"৳20,000"
"Sector 6, Uttara",3,3,2450 sqft,"৳50,000"
"Block K, Baridhara",3,3,1700 sqft,"৳80,000"
"Sector 10, Uttara",3,4,1380 sqft,"৳25,000"
"Kallyanpur, Mirpur",4,3,1400 sqft,"৳20,000"
"Gulshan 2, Gulshan",4,4,3200 sqft,"৳200,000"
"Babar Road, Mohammadpur",3,4,2200 sqft,"৳30,500"
"New Eskaton, Eskaton",3,4,1900 sqft,"৳50,000"
"Tajmahal Road, Mohammadpur",2,2,850 sqft,"৳20,000"
"Peer Saheber Goli, Shantinagar",3,3,1465 sqft,"৳30,000"
"Block D, Bashundhara R-A",4,4,2580 sqft,"৳45,000"
"Darussalam, Mirpur",3,3,1600 sqft,"৳25,000"
"West Rampura, Rampura",2,2,900 sqft,"৳25,000"
"West Dhanmondi, Dhanmondi",2,3,1000 sqft,"৳30,000"
"Block K, Baridhara",3,3,2800 sqft,"৳360,000"
"Block K, Baridhara",4,4,4000 sqft,"৳420,000"
"Mohammadi Housing LTD., Mohammadpur",2,3,1145 sqft,"৳20,000"
"Gulshan 2, Gulshan",4,4,3750 sqft,"৳300,000"
"Gulshan 2, Gulshan",4,4,3750 sqft,"৳300,000"
"Nobodoy Housing Society, Mohammadpur",3,3,1250 sqft,"৳22,000"
"Gulshan 2, Gulshan",4,4,3850 sqft,"৳320,000"
"Baitul Aman Housing Society, Adabor",3,3,1200 sqft,"৳20,000"
"Block G, Bashundhara R-A",3,3,1530 sqft,"৳27,000"
"PC Culture Housing, Mohammadpur",3,2,900 sqft,"৳20,000"
"Road No 10, Baridhara",4,4,3000 sqft,"৳140,000"
"Nurjahan Road, Mohammadpur",2,2,700 sqft,"৳21,000"
"Block K, Baridhara",4,5,2800 sqft,"৳120,000"
"West Dhanmondi, Dhanmondi",3,3,1600 sqft,"৳50,000"
"Gulshan 2, Gulshan",3,3,2300 sqft,"৳130,000"
"Block A, Bashundhara R-A",3,4,1887 sqft,"৳38,000"
"Pirerbag, Mirpur",3,3,1300 sqft,"৳25,000"
"Kallyanpur, Mirpur",3,3,1250 sqft,"৳20,000"
"Baitul Aman Housing, Mohammadpur",3,3,1250 sqft,"৳20,000"
"Sector 14, Uttara",3,3,1500 sqft,"৳50,000"
"Sector 3, Uttara",3,3,1950 sqft,"৳150,000"
"Block K, Baridhara",3,3,3200 sqft,"৳110,000"
"Block G, Bashundhara R-A",3,4,1800 sqft,"৳60,000"
"Block E, Aftab Nagar",3,3,1450 sqft,"৳26,000"
"Sector 3, Uttara",3,3,1500 sqft,"৳35,000"
"Block F, Lalmatia",3,3,1600 sqft,"৳45,000"
"Block C, Bashundhara R-A",3,3,1215 sqft,"৳25,000"
"Sector 5, Uttara",3,4,2543 sqft,"৳70,000"
"Baitul Aman Housing Society, Adabor",3,3,1250 sqft,"৳20,000"
"Mansurabad Housing Society, Adabor",3,3,1500 sqft,"৳25,000"
"Sector 6, Uttara",3,3,2200 sqft,"৳65,000"
"Baitul Aman Housing Society, Adabor",3,3,1442 sqft,"৳25,000"
"Lake Circus Road, Kalabagan",3,3,1600 sqft,"৳40,000"
"1st Colony, Mirpur",3,3,1096 sqft,"৳20,000"
"Block E, Lalmatia",3,3,1400 sqft,"৳40,000"
"Block K, Baridhara",3,4,3000 sqft,"৳150,000"
"Section 1, Mirpur",4,4,1750 sqft,"৳28,000"
"Gulshan 1, Gulshan",4,4,3500 sqft,"৳180,000"
"Gulshan 2, Gulshan",5,5,5500 sqft,"৳290,000"
"Block E, Banasree",3,3,1400 sqft,"৳30,000"
"South Banasree Project, Banasree",4,3,2200 sqft,"৳30,000"
"Gulshan 2, Gulshan",4,4,5000 sqft,"৳420,000"
"Block K, Bashundhara R-A",3,3,1450 sqft,"৳26,000"
"South Banasree Project, Banasree",4,3,2200 sqft,"৳31,000"
"Block D, Bashundhara R-A",4,4,2100 sqft,"৳45,000"
"Gulshan 2, Gulshan",4,4,2700 sqft,"৳150,000"
"Gulshan 1, Gulshan",4,4,4300 sqft,"৳220,000"
"Gulshan 1, Gulshan",4,4,4300 sqft,"৳220,000"
"Gulshan 1, Gulshan",4,4,4300 sqft,"৳220,000"
"Gulshan 1, Gulshan",4,5,4300 sqft,"৳220,000"
"Gulshan 1, Gulshan",4,4,4300 sqft,"৳220,000"
"Gulshan 1, Gulshan",4,5,4300 sqft,"৳220,000"
"Road No 2, Banani DOHS",5,5,4200 sqft,"৳320,000"
"Humayun Road, Mohammadpur",3,4,1400 sqft,"৳32,000"
"Gulshan 2, Gulshan",4,4,5200 sqft,"৳310,000"
"Baitul Aman Housing Society, Adabor",3,3,1360 sqft,"৳25,000"
"Ring Road, Shyamoli",3,3,1700 sqft,"৳35,000"
"Ring Road, Shyamoli",3,3,1700 sqft,"৳35,000"
"Road No 2, Shyamoli",3,4,1180 sqft,"৳22,000"
"New Eskaton Road, Eskaton",3,3,1525 sqft,"৳40,000"
"Dolphin Goli Road, Kalabagan",3,3,1500 sqft,"৳45,000"
"Lake Circus Road, Kalabagan",5,5,3000 sqft,"৳80,000"
"PC Culture Housing, Mohammadpur",3,3,1450 sqft,"৳22,000"
"Humayun Road, Mohammadpur",3,2,1200 sqft,"৳20,000"
"Tajmahal Road, Mohammadpur",3,3,1350 sqft,"৳40,000"
"Baitul Aman Housing Society, Adabor",3,3,1400 sqft,"৳27,000"
"Sector 12, Uttara",3,4,1950 sqft,"৳35,000"
"Sector 13, Uttara",3,4,2500 sqft,"৳70,000"
"Block D, Bashundhara R-A",3,3,1300 sqft,"৳60,000"
"Road No 7B, Banani",3,4,2100 sqft,"৳85,000"
"Gulshan 2, Gulshan",3,4,2200 sqft,"৳140,000"
"Block F, Aftab Nagar",3,4,1800 sqft,"৳25,000"
"Baitul Aman Housing Society, Adabor",3,3,1400 sqft,"৳22,000"
"Sector 9, Uttara",3,3,1450 sqft,"৳28,000"
"Mohonpur Road, Shyamoli",3,3,1100 sqft,"৳22,000"
"Gulshan 2, Gulshan",4,4,2900 sqft,"৳160,000"
"Kallyanpur, Mirpur",3,2,1250 sqft,"৳25,000"
"Block H, Aftab Nagar",3,3,1600 sqft,"৳26,000"
"Block M, Banasree",3,2,1150 sqft,"৳21,000"
"Block M, Banasree",3,2,1150 sqft,"৳21,000"
"Road No 2, Shyamoli",3,3,1500 sqft,"৳25,000"
"Section 1, Mirpur",3,3,1300 sqft,"৳20,000"
"Kallyanpur, Mirpur",3,3,1300 sqft,"৳20,000"
"Old Eskaton, Eskaton",3,3,1640 sqft,"৳45,000"
"Kallyanpur, Mirpur",3,3,1200 sqft,"৳22,000"
"Block E, Banasree",3,3,1400 sqft,"৳30,000"
"Block I, Bashundhara R-A",3,4,2000 sqft,"৳32,000"
"Sector 11, Uttara",3,4,1850 sqft,"৳70,000"
"Gulshan 2, Gulshan",4,5,3500 sqft,"৳180,000"
"Darussalam, Mirpur",3,3,1200 sqft,"৳20,000"
"Block J, Baridhara",3,4,2000 sqft,"৳45,000"
"Sector 4, Uttara",3,3,2100 sqft,"৳70,000"
"Sector 4, Uttara",3,3,2100 sqft,"৳70,000"
"Baitul Aman Housing Society, Adabor",3,3,1200 sqft,"৳20,000"
"Gulshan 2, Gulshan",5,5,4200 sqft,"৳250,000"
"Mohammadi Housing LTD., Mohammadpur",3,4,2000 sqft,"৳35,000"
"Sector 18, Uttara",3,4,1654 sqft,"৳55,000"
"Road No 4, Baridhara",4,4,4000 sqft,"৳400,000"
"Road No 4, Baridhara",4,4,4000 sqft,"৳400,000"
"Road No 4, Baridhara",4,4,4000 sqft,"৳400,000"
"Sector 12, Uttara",3,4,2190 sqft,"৳70,000"
"Block E, Banasree",3,3,1350 sqft,"৳30,000"
"Section 12, Mirpur",3,3,1250 sqft,"৳25,000"
"Section 1, Mirpur",3,2,1300 sqft,"৳30,000"
"Section 2, Mirpur",3,3,1250 sqft,"৳26,000"
"Sector 12, Uttara",3,4,2290 sqft,"৳55,000"
"Gulshan 1, Gulshan",3,3,2350 sqft,"৳160,000"
Badda,2,2,1100 sqft,"৳35,000"
"Nobodoy Housing Society, Mohammadpur",3,3,1250 sqft,"৳20,000"
"Dhaka Housing Main Road, Shyamoli",3,3,1200 sqft,"৳20,000"
"Block J, Bashundhara R-A",3,3,2000 sqft,"৳36,000"
"Gulshan 1, Gulshan",3,4,3100 sqft,"৳120,000"
"Gulshan 2, Gulshan",3,3,2300 sqft,"৳130,000"
"Kazi Nazrul Islam Avenue, Banglamotors",2,3,1650 sqft,"৳30,000"
"North Adabor, Adabor",3,3,1400 sqft,"৳22,000"
"Gulshan 1, Gulshan",4,4,2440 sqft,"৳150,000"
"Gulshan 2, Gulshan",4,4,3600 sqft,"৳160,000"
"Shahjadpur, Badda",3,3,1370 sqft,"৳35,000"
"PC Culture Housing, Mohammadpur",2,2,750 sqft,"৳20,000"
"Sector 14, Uttara",2,2,1200 sqft,"৳100,000"
"Block D, Bashundhara R-A",2,2,1200 sqft,"৳60,000"
"Block F, Aftab Nagar",3,3,1450 sqft,"৳25,000"
"Gajanabi Road, Mohammadpur",3,4,1750 sqft,"৳40,000"
"Sector 12, Uttara",4,4,2385 sqft,"৳70,000"
"Shukrabad, Dhanmondi",3,2,1250 sqft,"৳30,000"
"Sher-E-Bangla Road, Hazaribag",3,3,1900 sqft,"৳40,000"
"Gulshan 2, Gulshan",3,3,2000 sqft,"৳100,000"
"Block D, Bashundhara R-A",3,3,1300 sqft,"৳40,000"
"Sector 6, Uttara",3,3,2500 sqft,"৳110,000"
"Block H, Bashundhara R-A",3,3,1508 sqft,"৳27,000"
"Sector 9, Uttara",3,3,1750 sqft,"৳40,000"
"Gulshan 2, Gulshan",3,4,5000 sqft,"৳330,000"
"Sector 10, Uttara",3,3,1500 sqft,"৳55,000"
"Block J, Bashundhara R-A",3,3,2450 sqft,"৳125,000"
"Block H, Bashundhara R-A",3,3,1600 sqft,"৳30,000"
"Iqbal Road, Mohammadpur",3,3,2088 sqft,"৳65,000"
"Block J, Bashundhara R-A",3,4,2500 sqft,"৳38,000"
"Block C, Aftab Nagar",3,2,1200 sqft,"৳35,000"
"Block A, Bashundhara R-A",3,5,2150 sqft,"৳33,000"
"Block I Extension, Bashundhara R-A",4,4,2350 sqft,"৳46,000"
"Block B, Bashundhara R-A",4,4,2250 sqft,"৳46,000"
"Sector 4, Uttara",3,4,2200 sqft,"৳45,000"
"East Nadda, Nadda",1,1,650 sqft,"৳50,000"
"Block D, Bashundhara R-A",3,3,2200 sqft,"৳45,000"
"Kazi Nazrul Islam Avenue, Banglamotors",3,4,2000 sqft,"৳40,000"
"Road No 4, Dhanmondi",3,3,1900 sqft,"৳60,000"
"Gulshan 2, Gulshan",4,5,4200 sqft,"৳210,000"
"Mymensingh Lane, Banglamotors",1,1,450 sqft,"৳21,000"
"Road No 9A, Dhanmondi",4,5,3500 sqft,"৳160,000"
"Gulshan 2, Gulshan",4,4,3000 sqft,"৳120,000"
"PC Culture Housing, Mohammadpur",4,3,2600 sqft,"৳70,000"
"Bakshi Bazar, Lalbagh",3,3,1250 sqft,"৳38,000"
"Block J, Bashundhara R-A",2,2,1200 sqft,"৳42,000"
"Mohammadi Housing LTD., Mohammadpur",3,2,1100 sqft,"৳20,000"
"Block F, Bashundhara R-A",4,3,2200 sqft,"৳45,000"
"Block I, Bashundhara R-A",3,4,1880 sqft,"৳35,000"
"Satmasjid Road, Dhanmondi",3,3,1750 sqft,"৳50,000"
"Free School Street, Kathalbagan",3,4,1600 sqft,"৳33,000"
"Doctor Goli, Maghbazar",4,4,1950 sqft,"৳35,000"
"Kazi Nazrul Islam Avenue, Banglamotors",3,3,1600 sqft,"৳30,000"
"Sector 11, Uttara",3,4,1500 sqft,"৳48,500"
"Block A, Bashundhara R-A",3,4,2250 sqft,"৳40,000"
"Road No 3, Dhanmondi",3,3,1850 sqft,"৳50,000"
"Gulshan 2, Gulshan",4,4,3750 sqft,"৳220,000"
"Gulshan 2, Gulshan",4,5,5200 sqft,"৳360,000"
"Block A, Banasree",3,2,900 sqft,"৳20,000"
"Sector 6, Uttara",3,4,1350 sqft,"৳30,000"
"Gulshan 2, Gulshan",4,4,5000 sqft,"৳320,000"
"Block H, Bashundhara R-A",3,3,1600 sqft,"৳30,000"
"Gulshan 2, Gulshan",3,3,1500 sqft,"৳200,000"
"Gulshan 2, Gulshan",3,3,1500 sqft,"৳200,000"
"Narinda, Sutrapur",3,2,1100 sqft,"৳22,000"
"Mohammadi Housing LTD., Mohammadpur",3,2,1400 sqft,"৳23,000"
"Mohammadi Housing LTD., Mohammadpur",3,2,1400 sqft,"৳22,000"
"Mohammadi Housing LTD., Mohammadpur",3,2,1400 sqft,"৳22,000"
"Mohammadi Housing LTD., Mohammadpur",3,3,1100 sqft,"৳20,000"
"Bizlymoholla Road, Mohammadpur",3,2,1390 sqft,"৳22,000"
"Gulshan 2, Gulshan",5,5,7500 sqft,"৳700,000"
"Block H, Bashundhara R-A",3,4,2045 sqft,"৳40,000"
"Gulshan 2, Gulshan",4,4,3600 sqft,"৳350,000"
"Block D, Aftab Nagar",3,3,1600 sqft,"৳26,000"
"Block G, Bashundhara R-A",3,3,1500 sqft,"৳25,000"
"Block K, Baridhara",4,4,3500 sqft,"৳500,000"
"Block E, Aftab Nagar",3,3,1600 sqft,"৳30,000"
"Block C, Aftab Nagar",3,3,1200 sqft,"৳25,000"
"Block C, Aftab Nagar",3,3,1200 sqft,"৳25,000"
"Block C, Aftab Nagar",3,3,1200 sqft,"৳25,000"
"Road No 8A, Dhanmondi",3,3,2700 sqft,"৳120,000"
"Section 1, Mirpur",4,4,1800 sqft,"৳26,000"
"Bizlymoholla Road, Mohammadpur",3,2,1390 sqft,"৳27,000"
"Middle Badda, Badda",3,3,1240 sqft,"৳22,000"
"Block C, Banasree",3,3,1700 sqft,"৳28,000"
"Uttar Badda, Badda",3,3,1250 sqft,"৳25,000"
"Kallyanpur, Mirpur",3,3,1250 sqft,"৳20,000"
"North Shahjahanpur, Shahjahanpur",3,3,2800 sqft,"৳40,000"
"West Malibag, Malibagh",2,3,900 sqft,"৳20,000"
"Block K, Baridhara",3,3,2750 sqft,"৳150,000"
"Green Road, Kathalbagan",3,4,1900 sqft,"৳32,000"
"Uttar Badda, Badda",3,3,1200 sqft,"৳20,000"
"Block B, Bashundhara R-A",3,4,1970 sqft,"৳38,000"
"Block B, Bashundhara R-A",3,3,2000 sqft,"৳45,000"
"Block L, Bashundhara R-A",3,3,1150 sqft,"৳25,000"
"Block E, Bashundhara R-A",3,3,1500 sqft,"৳27,000"
"Block B, Banasree",2,2,950 sqft,"৳23,000"
"Block C, Banasree",3,3,1385 sqft,"৳24,000"
"Block J, Banasree",3,2,950 sqft,"৳21,000"
"Block I, Bashundhara R-A",3,4,2100 sqft,"৳40,000"
"Block F, Banasree",3,3,1600 sqft,"৳25,000"
"Block C, Bashundhara R-A",4,4,3200 sqft,"৳130,000"
"Namapara, Khilkhet",3,3,1300 sqft,"৳20,000"
"Sector 14, Uttara",3,2,1000 sqft,"৳26,000"
"Block E, Aftab Nagar",3,3,1350 sqft,"৳24,000"
"Block G, Bashundhara R-A",3,3,1500 sqft,"৳30,000"
"Block E, Aftab Nagar",3,3,1450 sqft,"৳30,000"
"Block F, Aftab Nagar",3,3,1400 sqft,"৳30,000"
"Block F, Aftab Nagar",3,3,1400 sqft,"৳30,000"
"Sector 10, Uttara",3,3,1750 sqft,"৳60,000"
"Block G, Aftab Nagar",3,3,1150 sqft,"৳25,000"
"Block C, Aftab Nagar",4,4,2300 sqft,"৳55,000"
"Naya Paltan, Motijheel",3,2,1000 sqft,"৳28,000"
"Block H, Bashundhara R-A",3,3,1500 sqft,"৳30,000"
"Block E, Bashundhara R-A",3,3,1510 sqft,"৳37,000"
"Block G, Banasree",3,3,1400 sqft,"৳25,000"
"Block C, Khilgaon",3,2,1200 sqft,"৳22,000"
"Block E, Aftab Nagar",3,3,1330 sqft,"৳26,000"
"Block B, Banasree",3,3,1100 sqft,"৳25,000"
"Malibagh Chowdhury Para, Malibagh",3,3,1250 sqft,"৳30,000"
"Gulshan 2, Gulshan",4,4,2750 sqft,"৳200,000"
"Gulshan 2, Gulshan",4,4,2900 sqft,"৳180,000"
"Block F, Aftab Nagar",3,3,1400 sqft,"৳30,000"
"Block F, Aftab Nagar",3,3,1400 sqft,"৳30,000"
"Middle Badda, Badda",3,3,1400 sqft,"৳25,000"
"North Shahjahanpur, Shahjahanpur",3,3,1200 sqft,"৳28,000"
"Uttar Badda, Badda",3,3,1250 sqft,"৳25,000"
"Sector 12, Uttara",2,3,1200 sqft,"৳20,000"
"Block G, Banasree",3,2,1100 sqft,"৳22,000"
"Gulshan 2, Gulshan",2,2,1800 sqft,"৳90,000"
"Block J, Bashundhara R-A",3,3,1250 sqft,"৳35,000"
"Block J, Bashundhara R-A",3,3,1250 sqft,"৳35,000"
"Tejkunipara, Tejgaon",3,3,1680 sqft,"৳48,000"
"Sector 6, Uttara",3,3,1800 sqft,"৳50,000"
"Agamasi Lane, Bangshal",3,4,1300 sqft,"৳28,000"
"Gulshan 2, Gulshan",4,4,3200 sqft,"৳300,000"
"Gulshan 2, Gulshan",3,4,4200 sqft,"৳300,000"
"Gulshan 2, Gulshan",4,4,5000 sqft,"৳420,000"
"Block K, Baridhara",4,4,3500 sqft,"৳300,000"
"Block D, Bashundhara R-A",3,3,2100 sqft,"৳50,000"
"Block D, Bashundhara R-A",3,3,2100 sqft,"৳50,000"
"Boro Maghbazar, Maghbazar",3,3,1350 sqft,"৳25,000"
"Block L, Bashundhara R-A",3,3,1150 sqft,"৳25,000"
"Tikatuli, Sutrapur",3,3,1800 sqft,"৳45,000"
"Gulshan 2, Gulshan",4,4,3850 sqft,"৳300,000"
"Gulshan 1, Gulshan",3,3,2508 sqft,"৳150,000"
"Block E, Aftab Nagar",3,3,1755 sqft,"৳30,000"
"Ahmed Nagar, Mirpur",3,3,1200 sqft,"৳20,000"
"Block E, Aftab Nagar",3,3,1440 sqft,"৳25,000"
"Purana Paltan, Motijheel",3,3,1400 sqft,"৳30,000"
"Block B, Banasree",2,2,1000 sqft,"৳25,000"
"Block A, Bashundhara R-A",3,5,2200 sqft,"৳35,000"
"Block A, Bashundhara R-A",3,5,2200 sqft,"৳35,000"
"Block A, Bashundhara R-A",3,4,2200 sqft,"৳35,000"
"Sector 10, Uttara",3,3,1500 sqft,"৳25,000"
"Block A, Bashundhara R-A",3,4,2000 sqft,"৳40,000"
"Block A, Bashundhara R-A",3,4,2000 sqft,"৳40,000"
"Sector 11, Uttara",3,3,1550 sqft,"৳26,000"
"Road No 10, Baridhara",3,4,2667 sqft,"৳110,000"
"Bochila, Mohammadpur",3,3,1470 sqft,"৳20,000"
"Baitul Aman Housing Society, Adabor",3,3,1470 sqft,"৳20,000"
"Ahmed Nagar, Mirpur",3,3,1350 sqft,"৳20,000"
"Block J, Baridhara",4,4,2400 sqft,"৳65,000"
"Block C, Bashundhara R-A",4,5,3100 sqft,"৳60,000"
"Block E, Aftab Nagar",3,3,1450 sqft,"৳25,000"
"Block E, Aftab Nagar",3,3,1325 sqft,"৳20,000"
"Block E, Aftab Nagar",3,3,1520 sqft,"৳30,000"
"West Dhanmondi, Dhanmondi",3,4,1300 sqft,"৳35,000"
"Block E, Bashundhara R-A",3,3,1480 sqft,"৳37,000"
"Block E, Bashundhara R-A",3,3,1480 sqft,"৳37,000"
"Gulshan 2, Gulshan",5,5,4200 sqft,"৳150,000"
"Gulshan 2, Gulshan",4,4,4500 sqft,"৳260,000"
"Sector 9, Uttara",3,4,1700 sqft,"৳40,000"
"Sector 3, Uttara",3,3,1500 sqft,"৳30,000"
"Malibag Bazar Rd, Malibagh",3,3,1350 sqft,"৳25,000"
"Sector 14, Uttara",3,2,950 sqft,"৳25,000"
"Block B, Banasree",3,2,1100 sqft,"৳23,000"
"Gulshan 1, Gulshan",4,4,3100 sqft,"৳100,000"
"Merul Badda, Badda",3,3,1350 sqft,"৳30,000"
"Sector 11, Uttara",3,3,1415 sqft,"৳35,000"
"South Badda, Badda",3,3,1200 sqft,"৳35,000"
"Vatara, Badda",3,2,1200 sqft,"৳21,000"
"Block G, Banasree",3,3,1450 sqft,"৳25,000"
"Tajmahal Road, Mohammadpur",3,2,820 sqft,"৳22,000"
"Sector 11, Uttara",3,2,1450 sqft,"৳20,000"
"Block G, Banasree",3,3,1400 sqft,"৳25,000"
"Block E, Aftab Nagar",3,2,1200 sqft,"৳20,000"
"Road No 3, Baridhara",4,4,2700 sqft,"৳120,000"
"Gulshan 2, Gulshan",3,4,3200 sqft,"৳200,000"
"Sector 9, Uttara",2,2,850 sqft,"৳25,000"
"Sector 9, Uttara",3,4,1500 sqft,"৳27,000"
"Sector 3, Uttara",2,2,1200 sqft,"৳27,000"
"Ring Road, Shyamoli",3,4,1400 sqft,"৳30,000"
"Block A, Banasree",3,2,900 sqft,"৳22,000"
"Nikunja 2, Nikunja",2,2,720 sqft,"৳22,000"
"Block A, Aftab Nagar",3,4,1450 sqft,"৳25,000"
"Block D, Aftab Nagar",3,3,1650 sqft,"৳27,000"
"Humayun Road, Mohammadpur",2,2,700 sqft,"৳20,000"
"Block B, Aftab Nagar",4,3,1674 sqft,"৳35,000"
"Sector 4, Uttara",3,3,1500 sqft,"৳35,000"
"Ring Road, Shyamoli",3,3,1400 sqft,"৳27,000"
"Tilpapara, Khilgaon",3,2,1100 sqft,"৳20,000"
"Asad Avenue, Mohammadpur",3,4,1600 sqft,"৳40,000"
"Uttar Badda, Badda",3,2,1200 sqft,"৳30,000"
"Block J, Banasree",3,3,1200 sqft,"৳20,000"
"Lake Circus Road, Kalabagan",3,3,1300 sqft,"৳33,000"
"West Rampura, Rampura",3,3,1250 sqft,"৳30,000"
"West Rampura, Rampura",3,3,1250 sqft,"৳30,000"
"Khilbari Tek, Badda",3,3,1300 sqft,"৳24,000"
"Naya Paltan, Motijheel",3,4,1650 sqft,"৳35,000"
"Section 15, Mirpur",3,3,1575 sqft,"৳27,000"
"Vatara, Badda",3,2,1200 sqft,"৳21,000"
Agargaon,3,3,1250 sqft,"৳30,000"
Agargaon,3,3,1250 sqft,"৳30,000"
Agargaon,3,3,1250 sqft,"৳30,000"
"Nobodoy Housing Society, Mohammadpur",3,2,1150 sqft,"৳20,000"
"Bosila, Mohammadpur",3,2,1150 sqft,"৳22,000"
"Block D, Banasree",3,2,1200 sqft,"৳20,000"
"Asad Avenue, Mohammadpur",4,4,1900 sqft,"৳60,000"
"Block F, Banasree",3,4,1700 sqft,"৳30,000"
"Mohonpur Road, Shyamoli",3,3,1300 sqft,"৳26,000"
"Mohonpur Road, Shyamoli",3,3,1300 sqft,"৳25,000"
"Nurer Chala, Badda",3,3,1250 sqft,"৳22,000"
"Block C, Aftab Nagar",3,3,1000 sqft,"৳20,000"
"Ahmed Nagar, Mirpur",3,3,1250 sqft,"৳20,000"
"Middle Badda, Badda",3,3,1350 sqft,"৳28,000"
"Middle Badda, Badda",3,3,1350 sqft,"৳28,000"
"Sector 7, Uttara",3,3,1600 sqft,"৳60,000"
"Block I Extension, Bashundhara R-A",3,3,1500 sqft,"৳22,000"
"Sector 14, Uttara",3,3,1500 sqft,"৳35,000"
"Road No 4, Baridhara DOHS",4,4,2600 sqft,"৳90,000"
"Sector 6, Uttara",3,3,1450 sqft,"৳30,000"
"Road No 5, Baridhara DOHS",4,4,2700 sqft,"৳70,000"
"Gulshan 1, Gulshan",4,5,3400 sqft,"৳150,000"
"Gulshan 1, Gulshan",3,4,2350 sqft,"৳100,000"
"Block A, Aftab Nagar",3,2,900 sqft,"৳20,000"
"Sector 5, Uttara",3,4,1560 sqft,"৳35,000"
"Sector 12, Uttara",4,4,3000 sqft,"৳150,000"
"Middle Badda, Badda",3,3,1100 sqft,"৳22,000"
"Block G, Banasree",4,3,1650 sqft,"৳35,000"
"Sector 10, Uttara",3,3,1250 sqft,"৳22,000"
"Nurer Chala, Badda",3,3,1100 sqft,"৳22,000"
"aziz Moholla, Mohammadpur",3,3,1100 sqft,"৳21,000"
"Block E, Aftab Nagar",3,3,1600 sqft,"৳30,000"
"Block D, Aftab Nagar",3,3,1300 sqft,"৳20,000"
"Dhaka Housing Main Road, Shyamoli",3,3,1300 sqft,"৳27,000"
"Sector 5, Uttara",3,4,2100 sqft,"৳43,000"
"Faydabad, Dakshin Khan",3,3,1400 sqft,"৳20,000"
"Block B, Bashundhara R-A",4,4,2800 sqft,"৳72,000"
"Baitul Aman Housing Society, Adabor",3,3,1450 sqft,"৳27,000"
"Baitul Aman Housing Society, Adabor",3,3,1500 sqft,"৳20,000"
"Naya Paltan, Motijheel",3,2,1100 sqft,"৳30,000"
"Block J, Baridhara",3,4,2200 sqft,"৳50,000"
"Block K, Aftab Nagar",3,4,1400 sqft,"৳23,000"
"Block K, Aftab Nagar",3,4,1400 sqft,"৳23,000"
"Middle Badda, Badda",3,3,1340 sqft,"৳30,000"
"Middle Badda, Badda",3,3,1340 sqft,"৳30,000"
"Middle Badda, Badda",3,3,1340 sqft,"৳30,000"
"Middle Badda, Badda",3,3,1340 sqft,"৳30,000"
"Babar Road, Mohammadpur",3,3,1400 sqft,"৳30,000"
"Metropalitan Cooperative Society, Mohammadpur",3,3,1400 sqft,"৳25,000"
"Sector 7, Uttara",3,3,1600 sqft,"৳40,000"
"Baitul Aman Housing Society, Adabor",3,3,1350 sqft,"৳22,000"
"Baitul Aman Housing Society, Adabor",3,3,1250 sqft,"৳20,000"
"Baitul Aman Housing Society, Adabor",2,2,720 sqft,"৳20,000"
"Block G, Bashundhara R-A",3,3,1500 sqft,"৳25,000"
"Block C, Bashundhara R-A",4,4,3500 sqft,"৳110,000"
"Block C, Bashundhara R-A",4,4,3500 sqft,"৳110,000"
"Block C, Bashundhara R-A",4,4,3500 sqft,"৳110,000"
"Block F, Bashundhara R-A",3,3,1975 sqft,"৳35,000"
"Block E, Banasree",3,2,1000 sqft,"৳23,000"
"Gulshan 2, Gulshan",4,4,2750 sqft,"৳200,000"
"Block C, Bashundhara R-A",4,4,3500 sqft,"৳110,000"
"Block D, Bashundhara R-A",4,4,2500 sqft,"৳50,000"
"Sector 12, Uttara",3,4,2290 sqft,"৳55,000"
"Block G, Bashundhara R-A",3,3,1450 sqft,"৳26,000"
"Block K, Baridhara",4,5,3600 sqft,"৳220,000"
"Block K, Baridhara",3,3,2400 sqft,"৳125,000"
"Indira Road, Tejgaon",3,3,1650 sqft,"৳40,000"
"Block A, Aftab Nagar",3,3,1250 sqft,"৳25,000"
"Middle Badda, Badda",3,3,1250 sqft,"৳27,000"
"Block K, Baridhara",4,4,3500 sqft,"৳260,000"
"Sector 11, Uttara",4,4,2200 sqft,"৳50,000"
"Uttar Badda, Badda",3,2,1250 sqft,"৳22,000"
"Shahjadpur, Badda",3,3,1350 sqft,"৳30,000"
"Block A, Aftab Nagar",3,3,1400 sqft,"৳24,000"
"Sector 11, Uttara",2,2,700 sqft,"৳25,000"
"Block G, Banasree",3,3,1400 sqft,"৳25,000"
"Block C, Banasree",3,3,1700 sqft,"৳25,000"
"Block M, Banasree",4,4,1860 sqft,"৳35,000"
"Block M, Banasree",4,4,1860 sqft,"৳35,000"
"Block M, Banasree",4,4,1860 sqft,"৳35,000"
"Sector 12, Uttara",2,2,950 sqft,"৳20,000"
"Block J, Banasree",3,2,950 sqft,"৳21,000"
"Gulshan 2, Gulshan",4,4,4500 sqft,"৳350,000"
"Block I, Bashundhara R-A",3,3,1400 sqft,"৳30,000"
"Mirpur DOHS, Mirpur",4,4,2200 sqft,"৳50,000"
"Gulshan 1, Gulshan",4,4,3500 sqft,"৳100,000"
"Elephant Road, New Market",2,2,900 sqft,"৳27,000"
"Uttar Badda, Badda",3,2,1250 sqft,"৳22,000"
"Uttar Badda, Badda",3,2,1250 sqft,"৳22,000"
"Sector 12, Uttara",3,4,1800 sqft,"৳28,000"
"Old Eskaton, Eskaton",3,3,2150 sqft,"৳60,000"
"Sector 7, Uttara",3,3,1480 sqft,"৳50,000"
"Block K, Baridhara",4,4,4000 sqft,"৳420,000"
"Shah Kabir Mazar Road, Dakshin Khan",3,3,1150 sqft,"৳22,000"
"Gulshan 1, Gulshan",3,3,2400 sqft,"৳150,000"
"Sector 12, Uttara",3,4,2348 sqft,"৳75,000"
"Block E, Banasree",3,3,1500 sqft,"৳26,000"
"Sector 4, Uttara",3,4,3000 sqft,"৳65,000"
"Shahjahan Road, Mohammadpur",3,4,1880 sqft,"৳40,000"
"Block H, Bashundhara R-A",3,3,1550 sqft,"৳32,000"
"Block D, Banasree",3,3,1500 sqft,"৳30,000"
"Block D, Banasree",3,3,1500 sqft,"৳30,000"
"Shantibag, Malibagh",3,3,1300 sqft,"৳35,000"
"Shantibag, Malibagh",3,3,1300 sqft,"৳35,000"
"Sector 7, Uttara",3,4,2100 sqft,"৳50,000"
"Block F, Bashundhara R-A",3,3,1550 sqft,"৳50,000"
"Block H, Bashundhara R-A",4,5,3000 sqft,"৳100,000"
"Gulshan 1, Gulshan",3,3,2000 sqft,"৳80,000"
"Block K, Baridhara",3,3,2600 sqft,"৳150,000"
"Shahjadpur, Badda",3,3,1200 sqft,"৳25,000"
"Outer Circular Road, Maghbazar",3,3,1750 sqft,"৳35,000"
"West Rampura, Rampura",2,2,1000 sqft,"৳23,000"
"West Rampura, Rampura",3,3,1200 sqft,"৳27,000"
"West Rampura, Rampura",3,3,1170 sqft,"৳30,000"
"Gulshan 2, Gulshan",4,4,4000 sqft,"৳190,000"
"PC Culture Housing, Mohammadpur",3,2,900 sqft,"৳23,000"
"Gulshan 2, Gulshan",4,4,4200 sqft,"৳350,000"
"Gulshan 1, Gulshan",4,4,3500 sqft,"৳90,000"
"Block K, Baridhara",3,3,3200 sqft,"৳250,000"
"Block K, Baridhara",4,5,4000 sqft,"৳380,000"
"Gulshan 2, Gulshan",3,3,2100 sqft,"৳100,000"
"Darussalam, Mirpur",3,3,1200 sqft,"৳20,000"
"Gulshan 1, Gulshan",4,4,3000 sqft,"৳200,000"
"Road No 2, Baridhara DOHS",3,3,1800 sqft,"৳55,000"
"Block B, Aftab Nagar",3,3,1600 sqft,"৳30,000"
"Gulshan 2, Gulshan",3,3,3000 sqft,"৳160,000"
"Gulshan 1, Gulshan",3,3,2200 sqft,"৳75,000"
"Gulshan 2, Gulshan",4,5,6852 sqft,"৳700,000"
"Sector 7, Uttara",3,2,1350 sqft,"৳30,000"
"Gulshan 2, Gulshan",4,4,3000 sqft,"৳230,000"
"Outer Circular Road, Maghbazar",3,3,1700 sqft,"৳35,000"
"Ahmed Nagar, Mirpur",3,2,1450 sqft,"৳20,000"
"Block E, Bashundhara R-A",3,3,1480 sqft,"৳37,000"
"Block I, Bashundhara R-A",3,4,2400 sqft,"৳55,000"
"Sector 7, Uttara",3,3,1500 sqft,"৳60,000"
"Nobodoy Housing Society, Mohammadpur",3,3,1050 sqft,"৳20,000"
"Mansurabad Housing Society, Adabor",3,3,1200 sqft,"৳24,000"
"Block E, Aftab Nagar",3,3,1240 sqft,"৳21,000"
"North Adabor, Adabor",3,3,1500 sqft,"৳30,000"
"Block D, Bashundhara R-A",3,4,2318 sqft,"৳50,000"
"Block K, Baridhara",3,3,1921 sqft,"৳140,000"
"Road No 2, Shyamoli",3,3,1315 sqft,"৳21,000"
"PC Culture Housing, Mohammadpur",3,4,1250 sqft,"৳22,000"
"Section 1, Mirpur",3,3,1300 sqft,"৳20,000"
"Road No 12, Banani",3,3,2430 sqft,"৳110,000"
"Gulshan 2, Gulshan",4,4,7200 sqft,"৳380,000"
"Gulshan 2, Gulshan",4,4,3850 sqft,"৳320,000"
"Gulshan 2, Gulshan",4,4,3850 sqft,"৳320,000"
"Gulshan 2, Gulshan",4,4,3850 sqft,"৳320,000"
"Gulshan 2, Gulshan",4,4,3850 sqft,"৳320,000"
"Gulshan 2, Gulshan",4,4,3850 sqft,"৳300,000"
"Baitul Aman Housing, Mohammadpur",3,3,1225 sqft,"৳20,000"
"Gulshan 2, Gulshan",3,4,4220 sqft,"৳300,000"
"Block K, Baridhara",4,5,4700 sqft,"৳300,000"
"Block K, Baridhara",3,3,3443 sqft,"৳110,000"
"Block J, Bashundhara R-A",4,4,2250 sqft,"৳33,000"
"Nikunja 1, Nikunja",7,8,6000 sqft,"৳300,000"
"Block K, Baridhara",3,3,2200 sqft,"৳85,000"
"Block L, Bashundhara R-A",3,4,1850 sqft,"৳23,000"
"Block L, Bashundhara R-A",3,4,1850 sqft,"৳23,000"
"Block K, Baridhara",4,4,3900 sqft,"৳500,000"
"Block K, Baridhara",4,5,3900 sqft,"৳400,000"
"Sector 1, Uttara",3,4,1600 sqft,"৳70,000"
"Sector 6, Uttara",3,3,1800 sqft,"৳37,000"
"Block K, Baridhara",2,2,1500 sqft,"৳115,000"
"Mansurabad Housing Society, Adabor",3,3,1300 sqft,"৳23,000"
"Lake Circus Road, Kalabagan",3,3,1135 sqft,"৳32,000"
"Block G, Bashundhara R-A",3,3,1500 sqft,"৳25,000"
"Block G, Bashundhara R-A",3,3,1530 sqft,"৳30,000"
"PC Culture Housing, Mohammadpur",3,2,900 sqft,"৳22,000"
"Elephant Road, New Market",3,3,1450 sqft,"৳40,000"
"Block F, Bashundhara R-A",3,3,1800 sqft,"৳40,000"
"Sector 12, Uttara",3,4,2600 sqft,"৳125,000"
"South Banasree Project, Banasree",4,3,2200 sqft,"৳30,000"
"Paikpara, Mirpur",3,3,1250 sqft,"৳20,000"
"Sector 4, Uttara",3,3,2000 sqft,"৳65,000"
"Sector 9, Uttara",3,3,1200 sqft,"৳50,000"
"Block K, Bashundhara R-A",3,3,1350 sqft,"৳20,000"
"Block E, Aftab Nagar",3,3,1300 sqft,"৳22,000"
"Block J, Bashundhara R-A",3,3,1250 sqft,"৳20,000"
"Block J, Bashundhara R-A",3,3,1250 sqft,"৳25,000"
"Block D, Aftab Nagar",3,4,1400 sqft,"৳25,000"
"Block K, Baridhara",4,5,6300 sqft,"৳350,000"
"Block K, Bashundhara R-A",3,3,1250 sqft,"৳20,000"
"Block K, Bashundhara R-A",3,3,1250 sqft,"৳23,000"
"Block A, Bashundhara R-A",3,4,1887 sqft,"৳38,000"
"Block A, Bashundhara R-A",3,4,1890 sqft,"৳38,000"
"Block J, Baridhara",3,4,2000 sqft,"৳45,000"
"Block K, Baridhara",4,4,4000 sqft,"৳420,000"
"Gulshan 1, Gulshan",4,5,3500 sqft,"৳200,000"
"Block K, Baridhara",4,4,3305 sqft,"৳200,000"
"South Banasree Project, Banasree",4,3,2200 sqft,"৳30,000"
"Gulshan 2, Gulshan",5,5,5400 sqft,"৳500,000"
"Gulshan 2, Gulshan",4,4,4465 sqft,"৳400,000"
"Block K, Baridhara",4,4,3000 sqft,"৳250,000"
"Block K, Baridhara",3,3,2900 sqft,"৳200,000"
"PC Culture Housing, Mohammadpur",3,3,1250 sqft,"৳24,000"
"Gulshan 2, Gulshan",4,5,3100 sqft,"৳250,000"
"Gulshan 2, Gulshan",3,4,2200 sqft,"৳160,000"
"Block C, Aftab Nagar",3,4,1590 sqft,"৳27,000"
"Gulshan 1, Gulshan",4,4,3000 sqft,"৳180,000"
"Sector 9, Uttara",3,4,1780 sqft,"৳40,000"
"Sector 6, Uttara",3,3,1600 sqft,"৳50,000"
"Bosila, Mohammadpur",3,3,1650 sqft,"৳27,000"
"PC Culture Housing, Mohammadpur",3,3,1250 sqft,"৳21,000"
"Japan Garden City, Mohammadpur",3,3,1041 sqft,"৳55,000"
"Block K, Baridhara",6,7,8500 sqft,"৳750,000"
"Block K, Baridhara",4,4,3000 sqft,"৳350,000"
"Gulshan 2, Gulshan",4,4,5550 sqft,"৳400,000"
"Gulshan 2, Gulshan",3,4,4000 sqft,"৳220,000"
"Gulshan 1, Gulshan",2,2,2000 sqft,"৳110,000"
"Gulshan 2, Gulshan",4,4,2850 sqft,"৳140,000"
"Lake Circus Road, Kalabagan",3,3,1200 sqft,"৳30,000"
"Baitul Aman Housing Society, Adabor",3,3,1200 sqft,"৳20,000"
"Gulshan 1, Gulshan",3,3,2000 sqft,"৳90,000"
"Mohammadia Housing Society, Mohammadpur",3,3,1150 sqft,"৳35,000"
"Khilji Road, Mohammadpur",2,3,1100 sqft,"৳36,000"
"Block E, Banasree",3,3,1400 sqft,"৳30,000"
"Outer Circular Road, Maghbazar",3,4,1784 sqft,"৳45,000"
"Khilji Road, Shyamoli",3,4,1650 sqft,"৳36,000"
"West Dhanmondi, Dhanmondi",3,4,1800 sqft,"৳50,000"
"Block L, Bashundhara R-A",3,3,1500 sqft,"৳25,000"
"Outer Circular Road, Maghbazar",3,3,1589 sqft,"৳35,000"
"Road No 4, Banani DOHS",3,4,3500 sqft,"৳300,000"
"Gulshan 1, Gulshan",3,4,3700 sqft,"৳280,000"
"Kallyanpur, Mirpur",3,3,1250 sqft,"৳20,000"
"Baitul Aman Housing Society, Adabor",3,3,1200 sqft,"৳21,000"
"Gulshan 2, Gulshan",4,5,5500 sqft,"৳500,000"
"Gulshan 1, Gulshan",3,4,3343 sqft,"৳140,000"
"Mohammadi Housing LTD., Mohammadpur",3,2,1250 sqft,"৳24,000"
"Sector 3, Uttara",3,4,2180 sqft,"৳80,000"
"Block K, Baridhara",4,5,2550 sqft,"৳140,000"
"Block K, Baridhara",4,5,3800 sqft,"৳250,000"
"PC Culture Housing, Mohammadpur",3,2,1050 sqft,"৳20,000"
"Block G, Bashundhara R-A",3,4,1800 sqft,"৳75,000"
"Block K, Bashundhara R-A",3,3,1200 sqft,"৳20,000"
"Block K, Baridhara",3,4,3200 sqft,"৳250,000"
"Block K, Baridhara",4,3,1700 sqft,"৳110,000"
"Gulshan 1, Gulshan",3,3,1800 sqft,"৳90,000"
"Gulshan 1, Gulshan",4,4,3500 sqft,"৳250,000"
"Gulshan 1, Gulshan",4,4,2500 sqft,"৳250,000"
"Block K, Baridhara",3,4,3000 sqft,"৳215,000"
"Block E, Aftab Nagar",3,3,1400 sqft,"৳25,000"
"Block D, Banasree",3,3,1800 sqft,"৳55,000"
"Block J, Bashundhara R-A",3,3,2200 sqft,"৳42,000"
"Shahjadpur, Badda",3,3,1200 sqft,"৳24,000"
"Kallyanpur, Mirpur",3,3,1216 sqft,"৳24,000"
"Road No 31, Mohakhali DOHS",4,4,2750 sqft,"৳120,000"
"Nobodoy Housing Society, Mohammadpur",3,3,1100 sqft,"৳20,000"
"Road No 2, Shyamoli",3,4,1750 sqft,"৳27,000"
"Block E, Bashundhara R-A",3,3,1515 sqft,"৳37,000"
"Block G, Banasree",3,3,1485 sqft,"৳24,000"
"Mirpur Road, Shyamoli",3,3,1500 sqft,"৳26,000"
"West Rampura, Rampura",3,2,970 sqft,"৳26,000"
"Block K, Baridhara",4,4,4400 sqft,"৳270,000"
"Gulshan 1, Gulshan",3,3,3100 sqft,"৳200,000"
"East Monipur, Mirpur",3,3,1300 sqft,"৳25,000"
"Sector 12, Uttara",3,3,1500 sqft,"৳30,000"
Adabor,3,3,1550 sqft,"৳30,000"
"Baitul Aman Housing Society, Adabor",3,3,1442 sqft,"৳20,000"
"Block K, Baridhara",4,4,3500 sqft,"৳270,000"
"Block K, Baridhara",3,4,4500 sqft,"৳450,000"
"Block J, Bashundhara R-A",3,3,1300 sqft,"৳23,000"
"Tajmahal Road, Mohammadpur",2,2,870 sqft,"৳22,000"
"Tajmahal Road, Mohammadpur",3,3,1350 sqft,"৳40,000"
"Sector 14, Uttara",3,2,1100 sqft,"৳35,000"
"Gulshan 2, Gulshan",3,4,3000 sqft,"৳111,000"
"Road No 4, Baridhara DOHS",4,5,2600 sqft,"৳120,000"
"Mohammadia Housing Society, Mohammadpur",3,3,1250 sqft,"৳22,000"
"Mirpur DOHS, Mirpur",2,3,1100 sqft,"৳60,000"
"Sector 5, Uttara",3,3,1800 sqft,"৳70,000"
"Block K, Baridhara",4,5,6000 sqft,"৳500,000"
"Gulshan 2, Gulshan",7,8,5400 sqft,"৳650,000"
"Sector 13, Uttara",3,3,1550 sqft,"৳60,000"
"Block B, Bashundhara R-A",4,4,1800 sqft,"৳100,000"
"Gulshan 2, Gulshan",3,4,2400 sqft,"৳130,000"
"Block K, Baridhara",4,4,3200 sqft,"৳240,000"
"Block J, Bashundhara R-A",3,3,1250 sqft,"৳25,000"
"Pirerbag, Mirpur",3,4,1700 sqft,"৳30,000"
"Sector 6, Uttara",4,4,2200 sqft,"৳55,000"
"Block B, Lalmatia",3,4,2200 sqft,"৳60,000"
"Block E, Banasree",3,3,1350 sqft,"৳30,000"
"Section 12, Mirpur",3,3,1250 sqft,"৳25,000"
"Section 12, Mirpur",3,3,1250 sqft,"৳25,000"
"Shyamoli Housing (2nd Project), Adabor",3,4,1500 sqft,"৳25,000"
"Baitul Aman Housing Society, Adabor",3,3,1400 sqft,"৳28,000"
"Mohonpur Road, Shyamoli",3,4,1463 sqft,"৳30,000"
"Baitul Aman Housing Society, Adabor",3,3,1250 sqft,"৳22,000"
"Block D, Bashundhara R-A",3,3,1800 sqft,"৳42,000"
"Nikunja 2, Nikunja",3,3,1550 sqft,"৳45,000"
"Purana Paltan, Motijheel",3,3,1200 sqft,"৳30,000"
"Block H, Aftab Nagar",3,3,1600 sqft,"৳26,000"
"Uttar Badda, Badda",3,3,1350 sqft,"৳24,000"
"Gulshan 2, Gulshan",3,3,2000 sqft,"৳100,000"
"Block K, Baridhara",4,4,4550 sqft,"৳350,000"
"Nikunja 2, Nikunja",3,3,1500 sqft,"৳30,000"
"Block K, Baridhara",4,4,4200 sqft,"৳280,000"
"Gulshan 2, Gulshan",4,5,3740 sqft,"৳240,000"
"Block B, Bashundhara R-A",3,4,1500 sqft,"৳32,000"
"Bizlymoholla Road, Mohammadpur",3,2,1390 sqft,"৳24,000"
"Pirerbag, Mirpur",3,3,1350 sqft,"৳25,000"
"Dolphin Goli Road, Kalabagan",3,3,1500 sqft,"৳45,000"
"Bizlymoholla Road, Mohammadpur",3,2,1190 sqft,"৳22,000"
"PC Culture Housing, Mohammadpur",3,3,1450 sqft,"৳25,000"
"Humayun Road, Mohammadpur",3,2,1050 sqft,"৳30,000"
"Humayun Road, Mohammadpur",2,2,1050 sqft,"৳24,000"
"Baitul Aman Housing Society, Adabor",3,3,1456 sqft,"৳23,000"
"Gulshan 1, Gulshan",3,4,2200 sqft,"৳90,000"
"Gulshan 1, Gulshan",3,3,2000 sqft,"৳100,000"
"Gulshan 2, Gulshan",5,5,4000 sqft,"৳150,000"
"Gulshan 1, Gulshan",3,4,2600 sqft,"৳200,000"
"Baitul Aman Housing Society, Adabor",3,2,1200 sqft,"৳20,000"
"Naddapara, Dakshin Khan",3,3,1700 sqft,"৳20,000"
"Block B, Aftab Nagar",3,3,1600 sqft,"৳30,000"
"Katashur, Mohammadpur",3,3,1400 sqft,"৳24,000"
"Poribagh Road Number 2, Paribagh",3,3,1500 sqft,"৳30,000"
"Iqbal Road, Mohammadpur",2,2,1100 sqft,"৳38,500"
"Tajmahal Road, Mohammadpur",2,2,870 sqft,"৳22,000"
"Section 1, Mirpur",3,3,1255 sqft,"৳20,000"
"Gulshan 1, Gulshan",3,4,2600 sqft,"৳220,000"
"Block F, Banasree",4,3,1495 sqft,"৳32,000"
"Japan Garden City, Mohammadpur",3,2,1150 sqft,"৳40,000"
"Gulshan 2, Gulshan",4,3,2800 sqft,"৳110,000"
"Road No 4, Baridhara",4,4,4000 sqft,"৳400,000"
"Road No 4, Baridhara",4,4,4000 sqft,"৳400,000"
"Mohammadi Housing LTD., Mohammadpur",3,2,1050 sqft,"৳22,000"
"Sector 12, Uttara",3,6,2200 sqft,"৳60,000"
"Gulshan 1, Gulshan",4,4,2150 sqft,"৳110,000"
"Block C, Aftab Nagar",3,2,1100 sqft,"৳22,000"
"Topkhana Road, Shegunbagicha",5,8,3600 sqft,"৳150,000"
"Block K, Baridhara",4,4,3000 sqft,"৳120,000"
"Sector 7, Uttara",2,3,2145 sqft,"৳80,000"
"Block K, Baridhara",3,4,3200 sqft,"৳235,000"
"Sector 13, Uttara",3,3,1500 sqft,"৳35,000"
"Sector 7, Uttara",2,2,1200 sqft,"৳30,000"
"Baitul Aman Housing Society, Adabor",3,3,1300 sqft,"৳21,000"
"Block D, Bashundhara R-A",3,3,2200 sqft,"৳50,000"
"Sector 6, Uttara",4,4,2150 sqft,"৳100,000"
"Block A, Bashundhara R-A",3,5,2150 sqft,"৳33,000"
"North Goran, Goran, Khilgaon, Khilgaon",3,2,1100 sqft,"৳21,000"
"North Goran, Goran, Khilgaon, Khilgaon",3,2,1100 sqft,"৳20,000"
"Bizlymoholla Road, Mohammadpur",3,3,1390 sqft,"৳25,000"
"Sector 12, Uttara",2,2,950 sqft,"৳40,000"
"Sector 12, Uttara",2,2,950 sqft,"৳30,000"
"Road No 10A, Dhanmondi",2,3,1300 sqft,"৳60,000"
"Block E, Aftab Nagar",4,4,2700 sqft,"৳70,000"
"Road No 4, Dhanmondi",3,3,1950 sqft,"৳65,000"
"Block I Extension, Bashundhara R-A",4,4,2400 sqft,"৳50,000"
"aziz Moholla, Mohammadpur",2,2,1200 sqft,"৳20,000"
"Poribagh Road Number 2, Paribagh",3,4,1550 sqft,"৳35,000"
"Block E, Bashundhara R-A",3,4,1975 sqft,"৳48,000"
"Sector 12, Uttara",3,3,1500 sqft,"৳55,000"
"Road No 13, Dhanmondi",5,5,3600 sqft,"৳70,000"
"Block G, Bashundhara R-A",4,4,2200 sqft,"৳36,000"
"Block J, Bashundhara R-A",4,4,2500 sqft,"৳50,000"
"North Road, Dhanmondi",3,3,1300 sqft,"৳30,000"
"Sector 6, Uttara",4,4,3100 sqft,"৳63,000"
"Poribagh Road Number 2, Paribagh",3,3,1600 sqft,"৳35,000"
"Free School Street, Kathalbagan",3,3,1600 sqft,"৳35,000"
"Sector 13, Uttara",4,5,2500 sqft,"৳35,000"
"Block C, Bashundhara R-A",3,3,1650 sqft,"৳32,000"
"South Banasree Project, Banasree",4,3,2250 sqft,"৳26,000"
"Gulshan 2, Gulshan",4,4,3000 sqft,"৳150,000"
"PC Culture Housing, Mohammadpur",3,3,1450 sqft,"৳25,000"
"Babar Road, Mohammadpur",3,4,1800 sqft,"৳33,000"
"Babar Road, Mohammadpur",3,3,1250 sqft,"৳30,000"
"Gulshan 2, Gulshan",3,4,3200 sqft,"৳200,000"
"Baitul Aman Housing Society, Adabor",3,3,1640 sqft,"৳30,000"
"Block K, Baridhara",3,3,2200 sqft,"৳110,000"
"South Badda, Badda",3,3,1375 sqft,"৳30,000"
"Block K, Baridhara",4,4,3000 sqft,"৳140,000"
"Block E, Aftab Nagar",3,3,1600 sqft,"৳30,000"
"Baitul Aman Housing Society, Adabor",3,3,1400 sqft,"৳25,000"
"Block B, Aftab Nagar",4,3,2000 sqft,"৳44,000"
"Block J, Bashundhara R-A",3,3,1700 sqft,"৳40,000"
"Block J, Bashundhara R-A",4,4,2500 sqft,"৳50,000"
"Block G, Bashundhara R-A",3,3,1500 sqft,"৳25,000"
"Gulshan 2, Gulshan",4,5,3554 sqft,"৳240,000"
"Road No 4, Baridhara DOHS",4,4,2600 sqft,"৳110,000"
"Gulshan 2, Gulshan",3,3,1500 sqft,"৳200,000"
"Block K, Baridhara",3,3,2300 sqft,"৳85,000"
"Tejgaon Industrial Area, Tejgaon",3,3,1540 sqft,"৳70,000"
"Sohrawardy Avenue, Baridhara",7,6,7000 sqft,"৳700,000"
"Block B, Banasree",3,3,1200 sqft,"৳24,000"
"Sector 4, Uttara",3,3,1500 sqft,"৳35,000"
"Block C, Bashundhara R-A",4,4,2350 sqft,"৳66,000"
"Block A, Aftab Nagar",2,2,900 sqft,"৳20,000"
"Block E, Bashundhara R-A",3,3,1420 sqft,"৳50,000"
"Gulshan 2, Gulshan",3,4,2200 sqft,"৳150,000"
"Uttar Badda, Badda",3,3,1150 sqft,"৳20,000"
"Block G, Aftab Nagar",3,3,1400 sqft,"৳20,000"
"Block G, Aftab Nagar",3,3,1400 sqft,"৳20,000"
"Block B, Aftab Nagar",3,3,1250 sqft,"৳25,000"
"Chowdhuripara, Khilgaon",3,3,1250 sqft,"৳28,000"
"Block E, Aftab Nagar",3,2,1000 sqft,"৳22,000"
"Block F, Aftab Nagar",3,3,1350 sqft,"৳23,000"
"Block C, Aftab Nagar",4,4,2300 sqft,"৳55,000"
"Naya Paltan, Motijheel",3,2,1080 sqft,"৳28,000"
"Block E, Bashundhara R-A",3,3,1510 sqft,"৳37,000"
"Block E, Bashundhara R-A",3,3,1480 sqft,"৳37,000"
"Block E, Bashundhara R-A",3,3,1480 sqft,"৳37,000"
"Block E, Bashundhara R-A",3,3,1480 sqft,"৳37,000"
"Block G, Banasree",3,3,1400 sqft,"৳25,000"
"Block G, Banasree",3,3,1400 sqft,"৳25,000"
"Shahjadpur, Badda",3,3,1700 sqft,"৳35,000"
"Block G, Banasree",3,3,1400 sqft,"৳25,000"
"Sector 4, Uttara",3,3,1995 sqft,"৳45,000"
"Block K, Baridhara",4,4,4000 sqft,"৳420,000"
"Gulshan 2, Gulshan",4,4,2700 sqft,"৳200,000"
"Block J, Bashundhara R-A",3,3,2100 sqft,"৳40,000"
"Block J, Bashundhara R-A",3,3,1250 sqft,"৳25,000"
"Block L, Bashundhara R-A",3,3,1150 sqft,"৳25,000"
"Block L, Bashundhara R-A",3,3,1150 sqft,"৳25,000"
"Block L, Bashundhara R-A",3,3,1150 sqft,"৳25,000"
"Block J, Banasree",3,2,950 sqft,"৳21,000"
"Block J, Banasree",3,2,950 sqft,"৳21,000"
"Block I, Bashundhara R-A",3,4,2100 sqft,"৳40,000"
"Block H, Bashundhara R-A",3,3,1550 sqft,"৳28,000"
"Block F, Banasree",3,3,1600 sqft,"৳25,000"
"Block D, Bashundhara R-A",4,5,2800 sqft,"৳55,000"
"Block E, Banasree",3,3,1250 sqft,"৳24,000"
"Block G, Banasree",3,4,1500 sqft,"৳32,000"
"Block B, Niketan",4,4,2100 sqft,"৳90,000"
"Block E, Aftab Nagar",3,3,1680 sqft,"৳27,000"
"Block G, Bashundhara R-A",3,3,1500 sqft,"৳30,000"
"Khilbari Tek, Badda",3,2,1150 sqft,"৳21,000"
"Block C, Bashundhara R-A",3,3,1600 sqft,"৳35,000"
"Block G, Aftab Nagar",3,3,1150 sqft,"৳20,000"
"Sector 12, Uttara",2,2,950 sqft,"৳20,000"
"Block G, Banasree",3,2,1100 sqft,"৳22,000"
"Block G, Banasree",3,2,1100 sqft,"৳22,000"
"Baitul Aman Housing Society, Adabor",3,3,1400 sqft,"৳20,000"
"Sector 11, Uttara",3,3,1900 sqft,"৳25,000"
"Block E, Aftab Nagar",3,3,1430 sqft,"৳25,000"
"Block E, Aftab Nagar",3,3,1325 sqft,"৳20,000"
"Block K, Baridhara",4,4,3515 sqft,"৳300,000"
"Gulshan 2, Gulshan",3,3,2130 sqft,"৳100,000"
"Block C, Bashundhara R-A",3,4,1450 sqft,"৳35,000"
"Gulshan 2, Gulshan",5,5,4200 sqft,"৳400,000"
"Gulshan 2, Gulshan",3,3,1550 sqft,"৳90,000"
"Block J, Bashundhara R-A",3,3,1250 sqft,"৳35,000"
"Block J, Bashundhara R-A",3,3,1250 sqft,"৳35,000"
"Tejkunipara, Tejgaon",3,3,1690 sqft,"৳53,000"
"Tejkunipara, Tejgaon",3,3,1580 sqft,"৳48,000"
"Block I, Bashundhara R-A",3,4,2000 sqft,"৳32,000"
"Block A, Aftab Nagar",3,3,1450 sqft,"৳23,000"
"Block F, Bashundhara R-A",3,3,1800 sqft,"৳35,000"
"Malibag College Road, Malibagh",3,3,1100 sqft,"৳25,000"
"Nikunja 2, Nikunja",2,2,750 sqft,"৳21,000"
"Block J, Bashundhara R-A",3,3,1250 sqft,"৳25,000"
"Gulshan 1, Gulshan",3,3,2000 sqft,"৳100,000"
"Uttar Badda, Badda",3,3,1100 sqft,"৳22,000"
"Sector 4, Uttara",4,5,2440 sqft,"৳45,000"
"Sector 7, Uttara",2,2,1100 sqft,"৳35,000"
"Block A, Banasree",3,2,1100 sqft,"৳20,000"
"Block J, Baridhara",3,3,1300 sqft,"৳40,000"
"Block L, Bashundhara R-A",3,3,1150 sqft,"৳25,000"
"Block K, Baridhara",4,4,3500 sqft,"৳320,000"
"Block K, Baridhara",4,4,4000 sqft,"৳220,000"
"Block A, Bashundhara R-A",3,5,2200 sqft,"৳35,000"
"Block A, Bashundhara R-A",3,4,2000 sqft,"৳40,000"
"Block A, Bashundhara R-A",3,4,2000 sqft,"৳40,000"
"Block A, Bashundhara R-A",3,4,2000 sqft,"৳40,000"
"Block F, Banasree",4,4,1800 sqft,"৳40,000"
"Gulshan 2, Gulshan",4,4,3600 sqft,"৳310,000"
"Block B, Banasree",3,2,1100 sqft,"৳24,000"
"Vatara, Badda",3,2,1200 sqft,"৳21,000"
"Block E, Aftab Nagar",3,3,1400 sqft,"৳25,000"
"Dutabash Road, Baridhara",2,2,2000 sqft,"৳130,000"
"Block G, Bashundhara R-A",3,3,1530 sqft,"৳28,000"
"Shahjadpur, Badda",3,3,1400 sqft,"৳30,000"
"Block B, Banasree",3,3,1150 sqft,"৳25,000"
"Khilji Road, Shyamoli",3,3,1650 sqft,"৳40,000"
"Sector 1, Uttara",3,3,2800 sqft,"৳45,000"
"Uttar Badda, Badda",3,3,1480 sqft,"৳28,000"
"Sector 4, Uttara",3,4,1800 sqft,"৳45,000"
"Block D, Bashundhara R-A",3,3,2700 sqft,"৳65,000"
"Kallyanpur, Mirpur",3,3,1400 sqft,"৳22,000"
"Block K, Baridhara",3,3,2600 sqft,"৳180,000"
"Block K, Aftab Nagar",3,4,1400 sqft,"৳23,000"
"Block K, Aftab Nagar",3,4,1400 sqft,"৳23,000"
"Block J, Baridhara",4,5,2500 sqft,"৳90,000"
"Block K, Baridhara",3,3,2700 sqft,"৳130,000"
"Block C, Aftab Nagar",3,3,1250 sqft,"৳21,000"
"West Rampura, Rampura",4,4,1850 sqft,"৳35,000"
"Block C, Aftab Nagar",3,3,1285 sqft,"৳23,000"
"Block C, Aftab Nagar",3,3,1075 sqft,"৳20,000"
"Block E, Banasree",3,3,1540 sqft,"৳25,000"
"Ahmed Nagar, Mirpur",3,3,1250 sqft,"৳20,000"
"Block C, Aftab Nagar",3,3,1285 sqft,"৳23,000"
"Dhaka Housing Main Road, Shyamoli",3,3,1400 sqft,"৳25,000"
"Middle Badda, Badda",3,3,1350 sqft,"৳28,000"
"Middle Badda, Badda",3,3,1350 sqft,"৳28,000"
"Sector 9, Uttara",3,4,1900 sqft,"৳35,000"
"Shahjadpur, Badda",3,3,1500 sqft,"৳40,000"
"Gandaria, Sutrapur",3,2,1100 sqft,"৳22,000"
"Uttar Badda, Badda",3,3,1050 sqft,"৳25,000"
"Vatara, Badda",3,3,1890 sqft,"৳30,000"
"Bosila, Mohammadpur",3,3,1150 sqft,"৳22,000"
"Road No 2, Baridhara DOHS",4,4,2700 sqft,"৳70,000"
"Shekhertek, Mohammadpur",3,3,1300 sqft,"৳20,000"
"Gulshan 1, Gulshan",5,6,8500 sqft,"৳420,000"
"Middle Badda, Badda",3,3,1340 sqft,"৳30,000"
Agargaon,4,4,1750 sqft,"৳30,000"
"Kamal Soroni Road, Agargaon",3,3,1200 sqft,"৳20,000"
"Block C, Khilgaon",4,4,1300 sqft,"৳28,000"
"Dakkhin Paikpara, Mirpur",3,3,1300 sqft,"৳20,000"
"Uttar Badda, Badda",3,3,1300 sqft,"৳30,000"
"Khilbari Tek, Badda",3,3,1200 sqft,"৳22,000"
"Middle Badda, Badda",3,3,1340 sqft,"৳30,000"
"Middle Badda, Badda",3,3,1340 sqft,"৳30,000"
"Middle Badda, Badda",3,3,1340 sqft,"৳30,000"
"Middle Badda, Badda",3,3,1340 sqft,"৳30,000"
"Sector 16, Uttara",27,10,18900 sqft,"৳472,500"
"Metropalitan Cooperative Society, Mohammadpur",3,4,1500 sqft,"৳27,000"
"PC Culture Housing Society, Shyamoli",2,2,720 sqft,"৳22,000"
"Babar Road, Mohammadpur",3,3,1200 sqft,"৳26,000"
"Bot Tola Masjid Road, Khilgaon",3,3,1200 sqft,"৳25,000"
"Road No 4, Shyamoli",3,3,1300 sqft,"৳26,000"
"Sector 7, Uttara",3,3,1600 sqft,"৳40,000"
"Baitul Aman Housing Society, Adabor",3,3,1250 sqft,"৳20,000"
"Road No 4, Shyamoli",3,3,1200 sqft,"৳22,000"
"Block E, Banasree",3,3,1200 sqft,"৳23,000"
"Block B, Banasree",3,3,1200 sqft,"৳30,000"
"Sector 5, Uttara",3,3,2300 sqft,"৳40,000"
"Road No 6, Baridhara DOHS",3,3,1250 sqft,"৳40,000"
"Sector 6, Uttara",4,4,2400 sqft,"৳50,000"
"Block A, Banasree",3,2,1200 sqft,"৳24,000"
"Natun Bazar, Badda",3,3,1250 sqft,"৳21,000"
"Shahjadpur, Badda",3,3,1250 sqft,"৳24,000"
"Shahjadpur, Badda",3,3,1250 sqft,"৳23,000"
"Shahjadpur, Badda",3,3,1300 sqft,"৳26,000"
"Sector 5, Uttara",3,3,1500 sqft,"৳41,000"
"Sector 10, Uttara",3,4,1400 sqft,"৳27,000"
"Sector 12, Uttara",3,3,1500 sqft,"৳40,000"
"Sector 12, Uttara",3,3,1500 sqft,"৳30,000"
"Sector 4, Uttara",3,4,2200 sqft,"৳70,000"
"Block F, Aftab Nagar",3,3,1350 sqft,"৳22,000"
"Mansurabad Housing Society, Adabor",3,3,1490 sqft,"৳20,000"
"Block G, Banasree",4,4,1800 sqft,"৳35,000"
"Gulshan 2, Gulshan",4,4,2850 sqft,"৳210,000"
"Madrasha Road, Mohammadpur",3,3,1200 sqft,"৳22,000"
"Sector 11, Uttara",3,4,2000 sqft,"৳40,000"
"Gulshan 2, Gulshan",4,4,3600 sqft,"৳220,000"
"Gulshan 2, Gulshan",3,3,3000 sqft,"৳130,000"
"Middle Badda, Badda",3,3,1250 sqft,"৳26,000"
"Block E, Banasree",3,2,1000 sqft,"৳23,000"
"Block J, Bashundhara R-A",3,3,2100 sqft,"৳35,000"
"Sector 12, Uttara",3,4,2400 sqft,"৳55,000"
"Block J, Bashundhara R-A",4,4,2350 sqft,"৳60,000"
"Block F, Bashundhara R-A",3,3,1550 sqft,"৳40,000"
"Block D, Bashundhara R-A",3,3,2000 sqft,"৳45,000"
"Shahjadpur, Badda",3,2,1150 sqft,"৳22,000"
"Block K, Baridhara",3,3,4000 sqft,"৳360,000"
"Sector 10, Uttara",3,3,1750 sqft,"৳60,000"
"Block E, Banasree",3,3,1342 sqft,"৳32,000"
"Shahjadpur, Badda",3,3,1200 sqft,"৳25,000"
"Kuratoli, Khilkhet",2,2,800 sqft,"৳20,000"
"Kuratoli, Khilkhet",2,2,800 sqft,"৳20,000"
"Tejkunipara, Tejgaon",3,4,1680 sqft,"৳50,000"
"Gulshan 1, Gulshan",3,4,1960 sqft,"৳120,000"
"Block I, Bashundhara R-A",3,3,1300 sqft,"৳30,000"
"Block I, Bashundhara R-A",3,3,1400 sqft,"৳30,000"
"Block I, Bashundhara R-A",3,3,1400 sqft,"৳30,000"
"Block I, Bashundhara R-A",3,3,1400 sqft,"৳30,000"
"Outer Circular Road, Maghbazar",3,4,1650 sqft,"৳40,000"
"Purana Paltan, Motijheel",3,3,1400 sqft,"৳36,000"
"Nikunja 1, Nikunja",6,8,5100 sqft,"৳300,000"
"Sector 4, Uttara",3,4,2300 sqft,"৳60,000"
"Uttar Badda, Badda",3,2,1250 sqft,"৳22,000"
"Sector 13, Purbachal",5,6,6600 sqft,"৳220,000"
"Block C, Bashundhara R-A",3,3,1900 sqft,"৳45,000"
"Block E, Banasree",3,2,1100 sqft,"৳21,000"
"Block J, Banasree",3,2,950 sqft,"৳21,000"
"Block J, Banasree",3,2,950 sqft,"৳21,000"
"Block B, Banasree",3,3,1700 sqft,"৳35,000"
"Humayun Road, Mohammadpur",3,3,1200 sqft,"৳26,000"
"Tajmahal Road, Mohammadpur",2,2,850 sqft,"৳22,000"
"Sector 13, Uttara",4,4,2100 sqft,"৳50,000"
"Sector 3, Uttara",4,4,2400 sqft,"৳70,000"
"Humayun Road, Mohammadpur",2,2,1050 sqft,"৳28,000"
"Uttar Badda, Badda",3,2,1250 sqft,"৳22,000"
"Block K, Baridhara",3,4,3200 sqft,"৳250,000"
"Sector 11, Uttara",7,8,10000 sqft,"৳350,000"
"Block G, Banasree",4,4,2000 sqft,"৳35,000"
"Nikunja 2, Nikunja",2,2,750 sqft,"৳21,000"
"Block G, Bashundhara R-A",3,4,2200 sqft,"৳42,000"
"Sector 12, Uttara",3,4,2373 sqft,"৳75,000"
"Sector 12, Uttara",3,4,2373 sqft,"৳75,000"
"Sector 12, Uttara",3,4,2348 sqft,"৳75,000"
"Block G, Banasree",4,4,1950 sqft,"৳40,000"
"Naya Paltan, Motijheel",3,3,1600 sqft,"৳45,000"
"Sector 10, Uttara",3,3,1572 sqft,"৳22,000"
"Block J, Banasree",3,2,950 sqft,"৳21,000"
"South Badda, Badda",3,3,1200 sqft,"৳35,000"
"Road No 18, Banani",4,4,3000 sqft,"৳275,000"
"South Banasree Project, Banasree",3,2,1150 sqft,"৳20,000"
"Block K, Bashundhara R-A",3,3,1450 sqft,"৳28,000"
"Baitul Aman Housing Society, Adabor",3,3,1240 sqft,"৳22,000"
"Block I, Bashundhara R-A",3,4,2200 sqft,"৳60,000"
"Gulshan 2, Gulshan",4,5,3900 sqft,"৳320,000"
"Block K, Baridhara",3,3,2300 sqft,"৳130,000"
"Block K, Baridhara",4,4,4000 sqft,"৳380,000"
"Gulshan 1, Gulshan",3,4,2600 sqft,"৳200,000"
"Block K, Baridhara",4,5,4000 sqft,"৳380,000"
"Block K, Baridhara",4,5,4000 sqft,"৳350,000"
"Gulshan 2, Gulshan",4,4,4200 sqft,"৳220,000"
"Sector 1, Uttara",3,3,1700 sqft,"৳45,000"
"Savar Bazar Road, Savar",3,3,2700 sqft,"৳36,000"
"Block K, Bashundhara R-A",3,3,1450 sqft,"৳28,000"
"Block J, Bashundhara R-A",3,3,1300 sqft,"৳25,000"
"Block C, Bashundhara R-A",4,5,2500 sqft,"৳50,000"
"Block K, Baridhara",3,3,1500 sqft,"৳110,000"
"Sector 1, Uttara",4,4,2100 sqft,"৳140,000"
"Katashur, Mohammadpur",3,4,1500 sqft,"৳40,000"
"Block K, Baridhara",4,4,3900 sqft,"৳360,000"
"Gulshan 2, Gulshan",3,4,2800 sqft,"৳180,000"
"Gulshan 2, Gulshan",3,4,3000 sqft,"৳180,000"
"Gulshan 2, Gulshan",3,3,2500 sqft,"৳110,000"
"Gulshan 2, Gulshan",3,3,2100 sqft,"৳80,000"
"Sector 5, Uttara",3,3,1500 sqft,"৳45,000"
"Sector 12, Uttara",3,4,2373 sqft,"৳75,000"
"Sector 12, Uttara",3,4,2373 sqft,"৳75,000"
"Block M, Bashundhara R-A",3,4,1400 sqft,"৳22,000"
"Block L, Bashundhara R-A",3,4,1850 sqft,"৳23,000"
"Block L, Bashundhara R-A",3,4,1850 sqft,"৳23,000"
"Gulshan 2, Gulshan",4,5,4500 sqft,"৳205,000"
"Block K, Baridhara",36,10,31500 sqft,"৳2,000,000"
"Block K, Baridhara",4,5,3900 sqft,"৳360,000"
"Block K, Baridhara",4,5,3900 sqft,"৳360,000"
"Block K, Baridhara",4,5,3900 sqft,"৳400,000"
"Block K, Baridhara",4,5,3900 sqft,"৳360,000"
"Block K, Baridhara",4,5,3900 sqft,"৳360,000"
"Block K, Baridhara",4,5,3900 sqft,"৳380,000"
"Block K, Baridhara",5,6,5500 sqft,"৳1,100,000"
"Gulshan 2, Gulshan",5,5,5300 sqft,"৳500,000"
"Gulshan 2, Gulshan",4,4,2780 sqft,"৳160,000"
"Nobodoy Housing Society, Mohammadpur",4,5,2500 sqft,"৳60,000"
"Gulshan 1, Gulshan",4,4,2750 sqft,"৳120,000"
"Block K, Baridhara",4,5,3800 sqft,"৳210,000"
"Road No 6, Baridhara DOHS",4,4,2750 sqft,"৳100,000"
"Sector 9, Uttara",3,3,1950 sqft,"৳50,000"
"Sector 12, Uttara",1,1,800 sqft,"৳35,000"
"Block F, Bashundhara R-A",4,4,2300 sqft,"৳50,000"
"Block K, Baridhara",4,5,5000 sqft,"৳800,000"
"Chandmiya Housing, Mohammadpur",6,5,3000 sqft,"৳85,000"
"Gulshan 2, Gulshan",4,4,3850 sqft,"৳300,000"
"Gulshan 2, Gulshan",4,4,3750 sqft,"৳300,000"
"Gulshan 2, Gulshan",4,4,3750 sqft,"৳300,000"
"Gulshan 2, Gulshan",4,4,3750 sqft,"৳300,000"
"Nobodoy Housing Society, Mohammadpur",3,3,1200 sqft,"৳20,000"
"Mohammadia Housing Society, Mohammadpur",3,3,1350 sqft,"৳30,000"
"Gulshan 2, Gulshan",3,3,2400 sqft,"৳120,000"
"Gulshan 1, Gulshan",3,3,2350 sqft,"৳100,000"
"West Dhanmondi, Dhanmondi",3,4,1850 sqft,"৳52,000"
"Nikunja 1, Nikunja",3,4,3500 sqft,"৳170,000"
"Gulshan 2, Gulshan",4,5,3200 sqft,"৳200,000"
"PC Culture Housing, Mohammadpur",3,3,1460 sqft,"৳20,000"
"Gulshan 1, Gulshan",3,3,2500 sqft,"৳190,000"
"Block K, Baridhara",4,5,3000 sqft,"৳130,000"
"Gulshan 1, Gulshan",4,4,3200 sqft,"৳250,000"
"PC Culture Housing, Mohammadpur",3,3,1200 sqft,"৳20,000"
"Baitul Aman Housing Society, Adabor",3,3,1150 sqft,"৳25,000"
"Block G, Bashundhara R-A",3,3,1400 sqft,"৳25,000"
"South Goran, Khilgaon",3,3,1300 sqft,"৳24,000"
"West Kafrul, Taltola",3,3,1250 sqft,"৳25,000"
"Baitul Aman Housing Society, Adabor",3,3,1350 sqft,"৳25,000"
"Block F, Aftab Nagar",3,4,1800 sqft,"৳25,000"
"Sector 4, Uttara",3,3,1650 sqft,"৳45,000"
"Gulshan 2, Gulshan",3,3,3300 sqft,"৳110,000"
"West Dhanmondi, Dhanmondi",3,4,1300 sqft,"৳35,000"
"Gulshan 1, Gulshan",3,3,3700 sqft,"৳280,000"
"West Agargaon, Agargaon",3,3,1520 sqft,"৳25,000"
"Gulshan 1, Gulshan",3,4,3700 sqft,"৳280,000"
"Block G, Banasree",3,3,1400 sqft,"৳25,000"
"Block F, Banasree",3,2,1150 sqft,"৳22,000"
"Girls School Road, Kalabagan",3,3,1250 sqft,"৳27,000"
"Sector 7, Uttara",4,4,2350 sqft,"৳85,000"
"Block B, Banasree",3,3,1150 sqft,"৳22,500"
"Block J, Baridhara",3,4,2000 sqft,"৳45,000"
"Road No 4, Baridhara DOHS",3,3,1350 sqft,"৳40,000"
"Block B, Aftab Nagar",3,3,1600 sqft,"৳28,000"
"Sector 12, Uttara",2,2,950 sqft,"৳20,000"
"Block C, Banasree",5,5,3500 sqft,"৳100,000"
"Adabor Main Road, Adabor",3,3,1300 sqft,"৳25,000"
"Sector 10, Uttara",3,3,1550 sqft,"৳50,000"
"Sector 7, Uttara",3,3,2200 sqft,"৳50,000"
"Humayun Road, Mohammadpur",2,2,840 sqft,"৳20,000"
"Babar Road, Mohammadpur",3,3,1380 sqft,"৳28,000"
"South Banasree Project, Banasree",3,3,1300 sqft,"৳22,000"
"Baitul Aman Housing Society, Adabor",3,3,1400 sqft,"৳25,000"
"Chandrima Model Town, Mohammadpur",4,4,1700 sqft,"৳20,000"
"Baitul Aman Housing Society, Adabor",3,3,1200 sqft,"৳20,000"
"Dia Bari Road, Turag",3,3,1750 sqft,"৳30,000"
"Block G, Bashundhara R-A",3,3,1400 sqft,"৳25,000"
"Block G, Bashundhara R-A",3,4,2250 sqft,"৳40,000"
"1st Colony, Mirpur",3,3,1200 sqft,"৳20,000"
"Mohammadi Housing LTD., Mohammadpur",3,3,1650 sqft,"৳30,000"
"Block J, Bashundhara R-A",3,3,1250 sqft,"৳25,000"
"Block J, Bashundhara R-A",3,3,1250 sqft,"৳25,000"
"Sohrawardy Avenue, Baridhara",3,3,2300 sqft,"৳150,000"
"South Banasree Project, Banasree",4,3,2200 sqft,"৳31,000"
"Block K, Baridhara",4,5,4200 sqft,"৳450,000"
"Gulshan 2, Gulshan",5,5,5400 sqft,"৳500,000"
"Block K, Baridhara",3,3,3600 sqft,"৳320,000"
"Shekhertek, Mohammadpur",3,3,1300 sqft,"৳20,000"
"Sector 9, Uttara",3,4,1825 sqft,"৳60,000"
"Mymensingh Lane, Banglamotors",2,1,700 sqft,"৳23,000"
"Mansurabad Housing Society, Adabor",3,3,1250 sqft,"৳20,000"
"South Banasree Project, Banasree",4,3,2200 sqft,"৳28,000"
"Gulshan 1, Gulshan",3,3,2000 sqft,"৳100,000"
"PC Culture Housing, Mohammadpur",4,3,1700 sqft,"৳40,000"
"Sector 12, Uttara",3,4,2600 sqft,"৳125,000"
"Block E, Aftab Nagar",3,3,1450 sqft,"৳30,000"
"Block F, Aftab Nagar",3,3,1500 sqft,"৳23,000"
"New Elephant Road, Hatirpool",3,3,1250 sqft,"৳40,000"
"Block K, Baridhara",4,4,3500 sqft,"৳220,000"
"Block K, Baridhara",3,3,2300 sqft,"৳75,000"
"Block K, Baridhara",4,4,3000 sqft,"৳250,000"
"Baitul Aman Housing Society, Adabor",3,3,1200 sqft,"৳20,000"
"Bochila, Mohammadpur",4,4,2050 sqft,"৳20,000"
"Ali And Nur Real Estate, Mohammadpur",3,3,1260 sqft,"৳22,000"
"Mirpur Road, Shyamoli",3,3,1500 sqft,"৳25,000"
"Block G, Bashundhara R-A",3,3,1450 sqft,"৳25,000"
"North Adabor, Adabor",3,3,1500 sqft,"৳30,000"
"Road No 1, Baridhara",3,4,4000 sqft,"৳320,000"
"Block K, Baridhara",4,5,3850 sqft,"৳370,000"
"Baitul Aman Housing Society, Adabor",3,3,1300 sqft,"৳30,000"
"Gulshan 2, Gulshan",4,4,2700 sqft,"৳150,000"
"Gulshan 2, Gulshan",4,4,2700 sqft,"৳150,000"
"Milk Vita Road, Mirpur",3,3,1391 sqft,"৳35,000"
"Sector 12, Uttara",3,4,2300 sqft,"৳90,000"
"Gulshan 2, Gulshan",4,4,2800 sqft,"৳130,000"
"Gulshan 1, Gulshan",3,4,3600 sqft,"৳150,000"
"Baitul Aman Housing Society, Adabor",3,3,1500 sqft,"৳23,000"
"Sector 10, Uttara",4,5,3000 sqft,"৳60,000"
"Gulshan 2, Gulshan",4,4,2300 sqft,"৳80,000"
"Section 6, Mirpur",3,3,1500 sqft,"৳40,000"
"Ring Road, Shyamoli",3,3,1700 sqft,"৳37,000"
"Road No 11A, Dhanmondi",3,4,2800 sqft,"৳105,000"
"Pirerbag, Mirpur",3,3,1100 sqft,"৳25,000"
"Baitul Aman Housing Society, Adabor",3,3,1345 sqft,"৳25,000"
"Khilji Road, Shyamoli",2,2,950 sqft,"৳20,000"
"Bizlymoholla Road, Mohammadpur",3,2,1190 sqft,"৳22,000"
"Babar Road, Mohammadpur",4,3,1400 sqft,"৳25,000"
"Mansurabad Housing Society, Adabor",3,3,1250 sqft,"৳20,000"
"Lake Circus Road, Kalabagan",3,3,1800 sqft,"৳31,000"
"Shahjahan Road, Mohammadpur",3,3,1300 sqft,"৳35,000"
"Mohammadi Housing LTD., Mohammadpur",3,3,1052 sqft,"৳20,000"
"Ring Road, Shyamoli",3,2,1100 sqft,"৳22,000"
"Ring Road, Shyamoli",2,2,937 sqft,"৳24,000"
"Gulshan 1, Gulshan",4,4,3500 sqft,"৳120,000"
"Road No 2, Shyamoli",3,3,1315 sqft,"৳20,000"
"Nobodoy Housing Society, Mohammadpur",3,3,1100 sqft,"৳20,000"
"Gulshan 1, Gulshan",3,4,3000 sqft,"৳140,000"
"Baitul Aman Housing Society, Adabor",3,3,1200 sqft,"৳22,000"
"Babar Road, Mohammadpur",3,3,1200 sqft,"৳25,000"
"Ahmed Nagar, Mirpur",3,3,1500 sqft,"৳25,000"
"Section 1, Mirpur",3,3,1200 sqft,"৳20,000"
"Baitul Aman Housing Society, Adabor",3,3,1400 sqft,"৳25,000"
"Gulshan 2, Gulshan",3,3,2000 sqft,"৳120,000"
"Block G, Bashundhara R-A",3,3,1600 sqft,"৳27,000"
"Sector 10, Uttara",3,4,1875 sqft,"৳70,000"
"Block C, Bashundhara R-A",3,4,2000 sqft,"৳40,000"
"West Agargaon, Agargaon",3,3,1520 sqft,"৳26,000"
"Sector 5, Uttara",3,3,1650 sqft,"৳35,000"
"Sector 4, Uttara",4,4,2500 sqft,"৳65,000"
"Peer Saheber Goli, Shantinagar",3,3,1465 sqft,"৳30,000"
"Road No 2, Shyamoli",3,3,1300 sqft,"৳25,000"
"Sector 12, Uttara",3,4,2250 sqft,"৳70,000"
"West Rampura, Rampura",2,2,900 sqft,"৳25,000"
"Baitul Aman Housing Society, Adabor",3,3,1450 sqft,"৳22,000"
"Gulshan 2, Gulshan",3,4,2300 sqft,"৳80,000"
"Baitul Aman Housing Society, Adabor",3,3,1450 sqft,"৳25,000"
"Iqbal Road, Mohammadpur",3,3,2000 sqft,"৳70,000"
"Block E, Banasree",3,3,1350 sqft,"৳30,000"
"Sector 12, Uttara",3,4,2400 sqft,"৳55,000"
"Shahjadpur, Badda",3,3,1250 sqft,"৳25,000"
"New Eskaton Road, Eskaton",3,3,1500 sqft,"৳30,000"
"Baitul Aman Housing Society, Adabor",3,3,1400 sqft,"৳25,000"
"West Rampura, Rampura",2,2,900 sqft,"৳25,000"
"Section 6, Mirpur",5,4,2400 sqft,"৳84,000"
"Road No 5, Baridhara DOHS",4,4,2600 sqft,"৳90,000"
"Boro Maghbazar, Maghbazar",3,3,1350 sqft,"৳25,000"
"Katashur, Mohammadpur",3,3,1450 sqft,"৳23,000"
"Road No 23/A, Banani",4,4,3260 sqft,"৳175,000"
"Nobodoy Housing Society, Mohammadpur",3,3,1500 sqft,"৳20,000"
"Road No 21, Mohakhali DOHS",4,4,2700 sqft,"৳120,000"
"Green Road, Kathalbagan",3,3,1350 sqft,"৳35,000"
"Taltola, Khilgaon",3,3,1200 sqft,"৳25,000"
"Block E, Lalmatia",3,3,1600 sqft,"৳45,000"
"Mansurabad Housing Society, Adabor",3,3,1300 sqft,"৳20,000"
"Crescent Road, Kathalbagan",3,3,1450 sqft,"৳35,000"
"Shekhertek, Mohammadpur",4,3,1600 sqft,"৳25,000"
"Block K, Baridhara",3,3,2700 sqft,"৳160,000"
"New Eskaton Road, Eskaton",3,3,1600 sqft,"৳38,000"
"Taltola, Khilgaon",3,3,1250 sqft,"৳25,000"
"Sector 18, Uttara",3,4,1654 sqft,"৳30,000"
"Sector 7, Uttara",3,3,2300 sqft,"৳60,000"
"South Banasree Project, Banasree",4,4,2201 sqft,"৳28,000"
"Sector 12, Uttara",3,4,1911 sqft,"৳33,000"
"Mohammadi Housing LTD., Mohammadpur",3,3,1250 sqft,"৳21,000"
"Nikunja 2, Nikunja",3,3,1600 sqft,"৳70,000"
"Sector 3, Uttara",5,5,3040 sqft,"৳140,000"
"Block F, Bashundhara R-A",3,4,2400 sqft,"৳50,000"
"Gulshan 2, Gulshan",3,3,2270 sqft,"৳150,000"
"Gulshan 2, Gulshan",3,3,2750 sqft,"৳105,000"
"New Eskaton Road, Eskaton",3,4,1900 sqft,"৳40,000"
"Bash Bari Road, Mohammadpur",3,4,1513 sqft,"৳35,000"
"Sector 12, Uttara",1,1,500 sqft,"৳40,000"
"Block C, Banasree",3,4,1700 sqft,"৳35,000"
"Block K, Baridhara",4,4,4000 sqft,"৳280,000"
"Block D, Aftab Nagar",3,3,1650 sqft,"৳20,000"
"Sector 9, Uttara",4,4,2000 sqft,"৳70,000"
"Sector 9, Uttara",4,4,2000 sqft,"৳70,000"
"West Rampura, Rampura",4,4,2300 sqft,"৳48,000"
"Block G, Bashundhara R-A",3,4,2200 sqft,"৳45,000"
"Iqbal Road, Mohammadpur",3,4,2200 sqft,"৳65,000"
"Central Road, Dhanmondi",3,3,1500 sqft,"৳35,000"
"Mirpur Road, New Market",2,3,1000 sqft,"৳26,000"
"Sector 7, Uttara",3,3,1650 sqft,"৳70,000"
"Mymensingh Lane, Banglamotors",2,1,700 sqft,"৳23,000"
"Block C, Khilgaon",3,4,1800 sqft,"৳40,000"
"New Eskaton Road, Eskaton",3,3,1900 sqft,"৳45,000"
"Road No 8A, Dhanmondi",3,3,1400 sqft,"৳35,000"
"Chandrima Model Town, Mohammadpur",4,3,1800 sqft,"৳20,000"
"Central Road, Dhanmondi",2,2,870 sqft,"৳26,000"
"Road No 11A, Dhanmondi",4,4,2250 sqft,"৳130,000"
"Sector 7, Uttara",4,4,2200 sqft,"৳80,000"
"Sector 4, Uttara",3,3,1700 sqft,"৳65,000"
"Block G, Bashundhara R-A",3,3,2200 sqft,"৳80,000"
"Satmasjid Road, Dhanmondi",3,3,2150 sqft,"৳60,000"
"Road No 16, Dhanmondi",4,4,2800 sqft,"৳80,000"
"Block C, Bashundhara R-A",3,3,1650 sqft,"৳30,000"
"Bashundhara Road, Bashundhara R-A",4,4,2400 sqft,"৳50,000"
"Free School Street, Hatirpool",3,3,1500 sqft,"৳33,000"
"Lake Circus Road, Kalabagan",3,2,1500 sqft,"৳30,000"
"Road No 5, Banani",3,3,2600 sqft,"৳95,000"
"Mymensingh Lane, Banglamotors",2,1,700 sqft,"৳23,000"
"Mymensingh Lane, Banglamotors",2,1,700 sqft,"৳23,000"
"Sector 9, Uttara",3,3,2400 sqft,"৳60,000"
"Nobodoy Housing Society, Mohammadpur",3,3,1200 sqft,"৳22,000"
"Sector 7, Uttara",3,3,1650 sqft,"৳70,000"
"Elephant Road, New Market",3,3,1250 sqft,"৳35,000"
"Uttar Badda, Badda",3,3,1350 sqft,"৳22,000"
"Merul Badda, Badda",3,2,900 sqft,"৳28,000"
"Road No 4, Baridhara DOHS",3,4,2000 sqft,"৳125,000"
"Gulshan 2, Gulshan",3,3,1500 sqft,"৳200,000"
"Gulshan 2, Gulshan",3,3,1500 sqft,"৳200,000"
"Gulshan 2, Gulshan",4,4,5000 sqft,"৳420,000"
"Gulshan 2, Gulshan",4,4,5000 sqft,"৳420,000"
"Block G, Aftab Nagar",3,3,1470 sqft,"৳28,000"
"Block G, Aftab Nagar",3,3,1470 sqft,"৳28,000"
"Agamasi Lane, Bangshal",2,2,800 sqft,"৳20,000"
"Merul Badda, Badda",3,3,1200 sqft,"৳22,000"
"Block K, Baridhara",3,3,2700 sqft,"৳200,000"
"Block K, Baridhara",4,4,4000 sqft,"৳420,000"
"Block C, Aftab Nagar",3,3,1200 sqft,"৳25,000"
"Road No 27, Banani",3,3,3700 sqft,"৳210,000"
"Tajmahal Road, Mohammadpur",3,3,1500 sqft,"৳34,000"
"Gulshan 2, Gulshan",4,4,3600 sqft,"৳350,000"
"Narinda, Sutrapur",3,2,1100 sqft,"৳23,000"
"Mohammadi Housing LTD., Mohammadpur",3,3,1200 sqft,"৳25,000"
"Mohammadi Housing LTD., Mohammadpur",3,2,1400 sqft,"৳22,000"
"Mohammadi Housing LTD., Mohammadpur",3,2,1400 sqft,"৳22,000"
"Sector 12, Uttara",3,3,2500 sqft,"৳52,000"
"Shahjadpur, Badda",3,3,1250 sqft,"৳25,000"
"Block K, Baridhara",4,4,3200 sqft,"৳280,000"
"Block K, Baridhara",4,4,3200 sqft,"৳280,000"
"Nikunja 2, Nikunja",4,4,3500 sqft,"৳150,000"
"Gulshan 2, Gulshan",4,5,4600 sqft,"৳300,000"
"Shahjahan Road, Mohammadpur",3,3,1250 sqft,"৳35,000"
"Block K, Bashundhara R-A",2,2,1250 sqft,"৳22,000"
"Katashur, Mohammadpur",3,3,1400 sqft,"৳25,000"
"Shiddeswari Road, Shiddheswari",3,3,1800 sqft,"৳40,000"
"Sector 9, Uttara",3,3,1350 sqft,"৳26,000"
"Block G, Aftab Nagar",3,3,1400 sqft,"৳20,000"
"Block B, Banasree",3,3,1200 sqft,"৳21,000"
"Block F, Aftab Nagar",3,3,1250 sqft,"৳20,000"
"Block B, Bashundhara R-A",3,4,1970 sqft,"৳35,000"
"Block L, Bashundhara R-A",3,3,1150 sqft,"৳25,000"
"Sector 4, Uttara",3,4,1750 sqft,"৳80,000"
"Khilbari Tek, Badda",3,3,1100 sqft,"৳20,000"
"Purana Paltan, Motijheel",3,3,1200 sqft,"৳30,000"
"Block J, Bashundhara R-A",3,3,1250 sqft,"৳35,000"
"Tejkunipara, Tejgaon",3,3,1580 sqft,"৳48,000"
"Block I, Bashundhara R-A",3,4,2000 sqft,"৳32,000"
"Sector 3, Uttara",3,3,1500 sqft,"৳40,000"
"Block F, Aftab Nagar",3,3,1350 sqft,"৳23,000"
"Block B, Bashundhara R-A",4,4,2250 sqft,"৳60,000"
"Block E, Bashundhara R-A",3,3,1515 sqft,"৳37,000"
"Block E, Bashundhara R-A",3,3,1515 sqft,"৳37,000"
"Block E, Bashundhara R-A",3,3,1510 sqft,"৳37,000"
